group_course_quarter,group_course_name,group_course_title,group_course_professor,group_course_days,group_course_time,group_course_location,created_on,is_active,group_course_subject_area
SUMMER 2024,ANTH 2,INTRO CULT ANTHRO,WALSH C,MTWR,9:30 am - 10:35am,ON LINE,2024-06-29 00:00:00,1,Anthropology - ANTH
SUMMER 2024,ANTH 2,INTRO CULT ANTHRO,LINVILLE D D,MTWR,9:30 am - 10:35am,HSSB 1174,2024-06-29 00:00:00,1,Anthropology - ANTH
SUMMER 2024,ANTH 3SS,INTRO ARCH,NOE S J,MTWR,12:30pm - 1:35pm,NH 1105,2024-06-29 00:00:00,1,Anthropology - ANTH
SUMMER 2024,ANTH 5,INTRO BIO ANTH,DAVISON R J,MTWR,11:00am - 12:20pm,ON LINE,2024-06-29 00:00:00,1,Anthropology - ANTH
SUMMER 2024,ANTH 102,ACTIVIST ANTH,WALSH C,T R,2:00pm - 4:05pm,ON LINE,2024-06-29 00:00:00,1,Anthropology - ANTH
SUMMER 2024,ANTH 109,HUMAN UNIVERSALS,T B A,MTWR,5:00pm - 6:05pm,ILP 3103,2024-06-29 00:00:00,1,Anthropology - ANTH
SUMMER 2024,ANTH 111,ANTHRO OF FOOD,COYOTECATL CO,MTWR,11:00am - 12:05pm,SH 1430,2024-06-29 00:00:00,1,Anthropology - ANTH
SUMMER 2024,ANTH 113,INDIGENOUS PEOPLE,SALDIVAR TANA,T R,2:00pm - 4:05pm,ON LINE,2024-06-29 00:00:00,1,Anthropology - ANTH
SUMMER 2024,ANTH 117,BORDERLANDS,ABAZA G M,MTWR,12:30pm - 1:35pm,PHELP2532,2024-06-29 00:00:00,1,Anthropology - ANTH
SUMMER 2024,ANTH 133,CULT DEVEL MESOAMER,MITCHELL S T,MTWR,2:00pm - 3:05pm,ILP 3101,2024-06-29 00:00:00,1,Anthropology - ANTH
SUMMER 2024,ANTH 138TS,ARCH OF EGYPT,"SMITH E K, HOFFMAN A J",T R,2:00pm - 4:05pm,ILP 3205,2024-06-29 00:00:00,1,Anthropology - ANTH
SUMMER 2024,ANTH 194P,PRACTICUM FIELD/LAB,T B A,,,T B A,2024-06-29 00:00:00,1,Anthropology - ANTH
SUMMER 2024,ANTH 195C,ANTH HNR IND STD II,T B A,,,T B A,2024-06-29 00:00:00,1,Anthropology - ANTH
SUMMER 2024,ANTH 199,INDEP STUDIES ANTH,T B A,,,T B A,2024-06-29 00:00:00,1,Anthropology - ANTH
SUMMER 2024,ANTH 199RA,RESEARCH TRAINING,T B A,,,T B A,2024-06-29 00:00:00,1,Anthropology - ANTH
SUMMER 2024,ART 1A,VISUAL LITERACY,TASCHIAN H J,T R,12:00pm - 2:05pm,ARTS 1344,2024-06-29 00:00:00,1,Art - ART
SUMMER 2024,ART 10,INTRO PAINTING,"KOTH M K, BELL L L",M W,2:00pm - 6:10pm,ARTS 2628,2024-06-29 00:00:00,1,Art - ART
SUMMER 2024,ART 10,INTRO PAINTING,"GLOVER Y H, MCCORMICK A T",M W,12:00pm - 4:10pm,ARTS 2628,2024-06-29 00:00:00,1,Art - ART
SUMMER 2024,ART 18,L/D DRAWING,"BELTZ E A, HIDALGO D A",M W,9:00 am - 1:10pm,ARTS 2636,2024-06-29 00:00:00,1,Art - ART
SUMMER 2024,ART 18,L/D DRAWING,"GARCIA K, FARAJIANI N",T R,2:00pm - 6:10pm,ARTS 2636,2024-06-29 00:00:00,1,Art - ART
SUMMER 2024,ART 100,INT PAINTING,KOTH M K,M W,10:00am - 1:05pm,ARTS 2422,2024-06-29 00:00:00,1,Art - ART
SUMMER 2024,ART 100,INT PAINTING,GLOVER Y H,M W,4:30pm - 7:35pm,ARTS 2422,2024-06-29 00:00:00,1,Art - ART
SUMMER 2024,ART 117,INT DRAWING,GARCIA K,T R,10:30am - 1:35pm,ARTS 2636,2024-06-29 00:00:00,1,Art - ART
SUMMER 2024,ART 117,INT DRAWING,BELTZ E A,T R,10:00am - 1:05pm,ARTS 2636,2024-06-29 00:00:00,1,Art - ART
SUMMER 2024,ART 125,ART SINCE 1950,VANDERPOOL J,T R,9:00 am - 11:05am,ARTS 1344,2024-06-29 00:00:00,1,Art - ART
SUMMER 2024,ART 130,VISUAL ART/CULTURE,TASCHIAN H J,T R,2:30pm - 4:35pm,ARTS 1344,2024-06-29 00:00:00,1,Art - ART
SUMMER 2024,ART 199RA,RESEARCH ASSISTANCE,T B A,,,T B A,2024-06-29 00:00:00,1,Art - ART
SUMMER 2024,ARTHI 5A,ARCHITECT & ENVIRON,FAICHNEY S,MTWR,9:30 am - 10:50am,BUCHN1940,2024-06-29 00:00:00,1,Art History - ARTHI
SUMMER 2024,ARTHI 5B,INTRO MUSEUM STUDY,SALTY I,MTWR,11:00am - 12:20pm,BUCHN1940,2024-06-29 00:00:00,1,Art History - ARTHI
SUMMER 2024,ARTHI 6J,SUR CONTEMP ARCH,WHITE J S,MTWR,9:30 am - 10:50am,HSSB 1174,2024-06-29 00:00:00,1,Art History - ARTHI
SUMMER 2024,ARTHI 6K,ISLAM ART & ARCH,MIRZAEI M,MTWR,12:30pm - 1:50pm,HSSB 1174,2024-06-29 00:00:00,1,Art History - ARTHI
SUMMER 2024,ARTHI 6L,HISTORY OF GAMES,WHITE J S,MTWR,12:30pm - 1:50pm,BUCHN1940,2024-06-29 00:00:00,1,Art History - ARTHI
SUMMER 2024,ARTHIW 6R,ROME THE GAME,MOSER C H,,,ON ASYNC,2024-06-29 00:00:00,1,Art History - ARTHI
SUMMER 2024,ARTHIW 6R,ROME THE GAME,MOSER C H,,,ON ASYNC,2024-06-29 00:00:00,1,Art History - ARTHI
SUMMER 2024,ARTHIW 6R,ROME THE GAME,MOSER C H,,,ON ASYNC,2024-06-29 00:00:00,1,Art History - ARTHI
SUMMER 2024,ARTHI 136I,CITY IN HISTORY,CHATTOPADHYAY,MTWR,11:00am - 12:20pm,ARTS 1341,2024-06-29 00:00:00,1,Art History - ARTHI
SUMMER 2024,AS AMW 1,INTRO AS AM HISTORY,ZHAO X,,,ON ASYNC,2024-06-29 00:00:00,1,Asian American Studies - AS AM
SUMMER 2024,AS AM 2,AMERICAN MIGRATION,ZULUETA B C,MTW,9:30 am - 10:55am,ON LINE,2024-06-29 00:00:00,1,Asian American Studies - AS AM
SUMMER 2024,AS AM 100CC,FILIPINO AMERICANS,ZULUETA B C,MTW,12:30pm - 1:55pm,ON LINE,2024-06-29 00:00:00,1,Asian American Studies - AS AM
SUMMER 2024,AS AM 118,AS AM POP CULTURE,LYTLE T J,TWR,11:00am - 12:25pm,SH 1430,2024-06-29 00:00:00,1,Asian American Studies - AS AM
SUMMER 2024,ASTROW 1,BASIC ASTRONOMY,GELLER R M,MTW,9:30 am - 10:50am,ON LINE,2024-06-29 00:00:00,1,Astronomy - ASTRO
SUMMER 2024,BL ST 1,INTRO AF-AM STUDIES,RICHARDSON M,WRF,11:00am - 12:20pm,GIRV 1115,2024-06-29 00:00:00,1,Black Studies - BL ST
SUMMER 2024,BL ST 3,INTRO AFR STUDIES,AKUDINOBI J,MTW,8:00 am - 9:20 am,ON LINE,2024-06-29 00:00:00,1,Black Studies - BL ST
SUMMER 2024,BL ST 7,INTRO CARIB STUDIES,TINSLEY O N,MTW,12:30pm - 1:50pm,PSYCH1924,2024-06-29 00:00:00,1,Black Studies - BL ST
SUMMER 2024,BL ST 99RA,INDEP RESEARCH ASST,T B A,,,T B A,2024-06-29 00:00:00,1,Black Studies - BL ST
SUMMER 2024,BL ST 126,COMP BLK LIT,AKUDINOBI J,MTW,9:30 am - 10:50am,ON LINE,2024-06-29 00:00:00,1,Black Studies - BL ST
SUMMER 2024,BL ST 127,BLACK WOMEN WRITERS,COFFEY EDISON,TWR,2:00pm - 3:20pm,NH 1105,2024-06-29 00:00:00,1,Black Studies - BL ST
SUMMER 2024,BL ST 199RA,INDEP RESEARCH ASST,T B A,,,T B A,2024-06-29 00:00:00,1,Black Studies - BL ST
SUMMER 2024,CH E 99,INTRO. TO RESEARCH,T B A,,,T B A,2024-06-29 00:00:00,1,Chemical Engineering - CH E
SUMMER 2024,CH E 196,UNDERGRAD RESEARCH,T B A,,,T B A,2024-06-29 00:00:00,1,Chemical Engineering - CH E
SUMMER 2024,CHEM 1B,GENERAL CHEMISTRY,JOSEPH C A,,,ON ASYNC,2024-06-29 00:00:00,1,Chemistry and Biochemistry - CHEM
SUMMER 2024,CHEM 1BL,GEN CHEMISTRY LAB,"SHEPPARD J R, BURATTO W R",M,1:00pm - 4:50pm,PSB-N2637,2024-06-29 00:00:00,1,Chemistry and Biochemistry - CHEM
SUMMER 2024,CHEM 1BL,GEN CHEMISTRY LAB,"KIM JAE YOUNG, BURATTO W R",T,1:00pm - 4:50pm,PSB-N2637,2024-06-29 00:00:00,1,Chemistry and Biochemistry - CHEM
SUMMER 2024,CHEM 1BL,GEN CHEMISTRY LAB,"VASANT R R, BURATTO W R",T,1:00pm - 4:50pm,PSB-N2653,2024-06-29 00:00:00,1,Chemistry and Biochemistry - CHEM
SUMMER 2024,CHEM 1BL,GEN CHEMISTRY LAB,"KIM B M, BURATTO W R",W,1:00pm - 4:50pm,PSB-N2637,2024-06-29 00:00:00,1,Chemistry and Biochemistry - CHEM
SUMMER 2024,CHEM 1C,GEN CHEM,SYLVESTER B M,,,ON ASYNC,2024-06-29 00:00:00,1,Chemistry and Biochemistry - CHEM
SUMMER 2024,CHEM 1CL,GEN CHEMISTRY LAB,"QU Z, BURATTO W R",M,1:00pm - 4:50pm,PSB-N2638,2024-06-29 00:00:00,1,Chemistry and Biochemistry - CHEM
SUMMER 2024,CHEM 1CL,GEN CHEMISTRY LAB,"ZHAO L, BURATTO W R",M,1:00pm - 4:50pm,PSB-N2654,2024-06-29 00:00:00,1,Chemistry and Biochemistry - CHEM
SUMMER 2024,CHEM 1CL,GEN CHEMISTRY LAB,T B A,T,1:00pm - 4:50pm,PSB-N2638,2024-06-29 00:00:00,1,Chemistry and Biochemistry - CHEM
SUMMER 2024,CHEM 1CL,GEN CHEMISTRY LAB,T B A,T,1:00pm - 4:50pm,PSB-N2654,2024-06-29 00:00:00,1,Chemistry and Biochemistry - CHEM
SUMMER 2024,CHEM 1CL,GEN CHEMISTRY LAB,"MUGIRANEZA S, BURATTO W R",W,1:00pm - 4:50pm,PSB-N2638,2024-06-29 00:00:00,1,Chemistry and Biochemistry - CHEM
SUMMER 2024,CHEM 1CL,GEN CHEMISTRY LAB,"KAO Y, BURATTO W R",W,1:00pm - 4:50pm,PSB-N2654,2024-06-29 00:00:00,1,Chemistry and Biochemistry - CHEM
SUMMER 2024,CHEM 6AL,ORGANIC CHEM LAB,GAINER M J,M W,1:00pm - 1:50pm,ILP 2101,2024-06-29 00:00:00,1,Chemistry and Biochemistry - CHEM
SUMMER 2024,CHEM 6BL,ORGANIC CHEM LAB,"LIANG YU, GAINER M J",M W,8:00 am - 11:50am,PSB-N1652,2024-06-29 00:00:00,1,Chemistry and Biochemistry - CHEM
SUMMER 2024,CHEM 6BL,ORGANIC CHEM LAB,"SEPETOV L, GAINER M J",M W,8:00 am - 11:50am,PSB-N1662,2024-06-29 00:00:00,1,Chemistry and Biochemistry - CHEM
SUMMER 2024,CHEM 6BL,ORGANIC CHEM LAB,T B A,M W,8:00 am - 11:50am,PSB-N1670,2024-06-29 00:00:00,1,Chemistry and Biochemistry - CHEM
SUMMER 2024,CHEM 6BL,ORGANIC CHEM LAB,"HEUSTON A R, GAINER M J",M W,1:00pm - 4:50pm,PSB-N1652,2024-06-29 00:00:00,1,Chemistry and Biochemistry - CHEM
SUMMER 2024,CHEM 6BL,ORGANIC CHEM LAB,"PAOLA E L, GAINER M J",M W,1:00pm - 4:50pm,PSB-N1662,2024-06-29 00:00:00,1,Chemistry and Biochemistry - CHEM
SUMMER 2024,CHEM 6BL,ORGANIC CHEM LAB,T B A,M W,1:00pm - 4:50pm,PSB-N1670,2024-06-29 00:00:00,1,Chemistry and Biochemistry - CHEM
SUMMER 2024,CHEM 6CL,ORGANIC CHEM LAB,"LY D P, GAINER M J",M W,1:00pm - 4:50pm,PSB-N1641,2024-06-29 00:00:00,1,Chemistry and Biochemistry - CHEM
SUMMER 2024,CHEM 99,INTRO TO RESEARCH,T B A,,,T B A,2024-06-29 00:00:00,1,Chemistry and Biochemistry - CHEM
SUMMER 2024,CHEM 109A,ORGANIC CHEMISTRY,GAINER M J,M W F,12:00pm - 12:50pm,ILP 2101,2024-06-29 00:00:00,1,Chemistry and Biochemistry - CHEM
SUMMER 2024,CHEM 109B,ORGANIC CHEMISTRY,LEWIS R B,M W F,9:00 am - 9:50 am,LSB 1001,2024-06-29 00:00:00,1,Chemistry and Biochemistry - CHEM
SUMMER 2024,CHEM 109C,ORGANIC CHEMISTRY,LEWIS R B,M W F,11:00am - 11:50am,BUCHN1920,2024-06-29 00:00:00,1,Chemistry and Biochemistry - CHEM
SUMMER 2024,CHEM 123,FUND ENVIRON CHEM,DEVRIES M S,MTWR,9:30 am - 10:35am,ON LINE,2024-06-29 00:00:00,1,Chemistry and Biochemistry - CHEM
SUMMER 2024,CHEM 150,ANALYTICAL CHEM,BURATTO S K,MTWR,12:30pm - 1:35pm,ELLSN2626,2024-06-29 00:00:00,1,Chemistry and Biochemistry - CHEM
SUMMER 2024,CHEM 173A,ADV INORG CHEMISTRY,BURATTO W R,T R,11:00am - 12:15pm,NH 1111,2024-06-29 00:00:00,1,Chemistry and Biochemistry - CHEM
SUMMER 2024,CH ST 1A,INTRO CHICANO/A STD,ARMBRUSTER R,TWR,9:30 am - 10:50am,BUCHN1920,2024-06-29 00:00:00,1,Chicano Studies - CH ST
SUMMER 2024,CH STW 1B,INTRO CHICANO/A STD,HERNANDEZ E D,,,ON ASYNC,2024-06-29 00:00:00,1,Chicano Studies - CH ST
SUMMER 2024,CH STW 1B,INTRO CHICANO/A STD,HERNANDEZ E D,,,ON ASYNC,2024-06-29 00:00:00,1,Chicano Studies - CH ST
SUMMER 2024,CH STW 1B,INTRO CHICANO/A STD,HERNANDEZ E D,,,ON ASYNC,2024-06-29 00:00:00,1,Chicano Studies - CH ST
SUMMER 2024,CH ST 1C,INTRO CHICANO/A STD,LARRA?AGA K D,T R,2:00pm - 4:05pm,PHELP1440,2024-06-29 00:00:00,1,Chicano Studies - CH ST
SUMMER 2024,CH ST 148,CHICANA ART,DIAZ-SANCHEZ,TWR,11:00am - 12:20pm,PHELP1440,2024-06-29 00:00:00,1,Chicano Studies - CH ST
SUMMER 2024,CH ST 161,GLOBAL LATINO YOUTH,SANCHEZ D,T R,9:30 am - 11:35am,PHELP1444,2024-06-29 00:00:00,1,Chicano Studies - CH ST
SUMMER 2024,CH STW 184A,CHICANA WRITERS,HERNANDEZ E D,,,ON ASYNC,2024-06-29 00:00:00,1,Chicano Studies - CH ST
SUMMER 2024,CH ST 189,IMMIG-US-MEX BORDER,BATZ G,TWR,12:30pm - 1:50pm,PHELP1444,2024-06-29 00:00:00,1,Chicano Studies - CH ST
SUMMER 2024,CH ST 199RA,IND RESEARCH ASST,T B A,,,T B A,2024-06-29 00:00:00,1,Chicano Studies - CH ST
SUMMER 2024,CHIN 40,CHINESE POP CULTURE,XU H,M W,3:30pm - 5:40pm,TD-W 2600,2024-06-29 00:00:00,1,Chinese - CHIN
SUMMER 2024,CHIN W 80,MSTRPCES CHIN LIT,MAZANEC T J,,,ON ASYNC,2024-06-29 00:00:00,1,Chinese - CHIN
SUMMER 2024,CHIN 103,READ & WRT IN CHIN,CHEN S C,MTWR,10:00am - 12:05pm,ON LINE,2024-06-29 00:00:00,1,Chinese - CHIN
SUMMER 2024,CLASS 36,WORLD OF HEROES,MOODY T W,MTWR,11:00am - 12:20pm,PHELP1425,2024-06-29 00:00:00,1,Classics - CLASS
SUMMER 2024,CLASS 40,GREEK MYTHOLOGY,GALLUCCI R,TWR,9:30 am - 10:55am,ON LINE,2024-06-29 00:00:00,1,Classics - CLASS
SUMMER 2024,CLASS 40,GREEK MYTHOLOGY,ERICKSON B L,MTW,9:30 am - 10:55am,ILP 2302,2024-06-29 00:00:00,1,Classics - CLASS
SUMMER 2024,CLASS 99,INTRO TO RESEARCH,T B A,,,T B A,2024-06-29 00:00:00,1,Classics - CLASS
SUMMER 2024,CLASS 106,ANCIENT MAGIC,DUTSCH D,T R,2:00pm - 4:05pm,HSSB 4080,2024-06-29 00:00:00,1,Classics - CLASS
SUMMER 2024,COMM 1,INTRO COMMUNICATION,CHAN C,MTW,11:00am - 12:25pm,GIRV 2128,2024-06-29 00:00:00,1,Communication - COMM
SUMMER 2024,COMM 1,INTRO COMMUNICATION,ZHANG YIDI,MTW,11:00am - 12:25pm,PHELP2524,2024-06-29 00:00:00,1,Communication - COMM
SUMMER 2024,COMM 88,COMM RESEARCH METH,QI L,MTW,9:30 am - 10:55am,ARTS 1349,2024-06-29 00:00:00,1,Communication - COMM
SUMMER 2024,COMM 88,COMM RESEARCH METH,LEN S M,MTW,9:30 am - 10:50am,ELLSN2626,2024-06-29 00:00:00,1,Communication - COMM
SUMMER 2024,COMM 89,THEORIES OF COMM,MALIK M I,MTW,12:30pm - 1:55pm,ARTS 1353,2024-06-29 00:00:00,1,Communication - COMM
SUMMER 2024,COMM 99RA,INDEP RESEARCH ASST,T B A,,,T B A,2024-06-29 00:00:00,1,Communication - COMM
SUMMER 2024,COMM 102,MASS COMM THEORY,MCLEOD C N,MTW,9:30 am - 10:55am,ARTS 1353,2024-06-29 00:00:00,1,Communication - COMM
SUMMER 2024,COMM W 107,INTERPERSONAL COMM,OTMAR C D,,,ON ASYNC,2024-06-29 00:00:00,1,Communication - COMM
SUMMER 2024,COMM W 107,INTERPERSONAL COMM,"DUNBAR N E, WILKENFELD N",,,ON ASYNC,2024-06-29 00:00:00,1,Communication - COMM
SUMMER 2024,COMM 111,NONVERBAL COMM,HUANG Q,TWR,12:30pm - 1:55pm,PHELP1425,2024-06-29 00:00:00,1,Communication - COMM
SUMMER 2024,COMM W 113,MED EFFECTS INDIV,SALEEM M,,,ON ASYNC,2024-06-29 00:00:00,1,Communication - COMM
SUMMER 2024,COMM 117,PERSUASION,NABI R L,MTW,9:30 am - 12:20pm,GIRV 1115,2024-06-29 00:00:00,1,Communication - COMM
SUMMER 2024,COMM 121,COMM AND CONFLICT,MEROLLA A J,MTW,9:30 am - 12:20pm,PHELP1160,2024-06-29 00:00:00,1,Communication - COMM
SUMMER 2024,COMM 122,ORGANIZATIONAL COMM,FANG C,MTW,3:30pm - 4:55pm,SH 1430,2024-06-29 00:00:00,1,Communication - COMM
SUMMER 2024,COMM 123,CULT INFLUENCE COMM,REID S A,MTW,9:30 am - 12:20pm,GIRV 1119,2024-06-29 00:00:00,1,Communication - COMM
SUMMER 2024,COMM 124,FAMILY COMM,AFIFI T D,MTW,12:30pm - 3:20pm,TD-W 2600,2024-06-29 00:00:00,1,Communication - COMM
SUMMER 2024,COMM 128,INTERGROUP COMM,MOLINA-ROGERS,MTW,2:00pm - 3:25pm,ARTS 1349,2024-06-29 00:00:00,1,Communication - COMM
SUMMER 2024,COMM 133,MEDIA AND CHILDREN,WOODMAN K S,MTW,12:30pm - 1:55pm,ARTS 1349,2024-06-29 00:00:00,1,Communication - COMM
SUMMER 2024,COMM 139,COMM AND EMOTION,T B A,TWR,3:30pm - 4:55pm,ARTS 1349,2024-06-29 00:00:00,1,Communication - COMM
SUMMER 2024,COMM W 146,DECEPTION COMM,ZHANG XINYI,,,ON ASYNC,2024-06-29 00:00:00,1,Communication - COMM
SUMMER 2024,COMM W 146,DECEPTION COMM,DUNBAR N E,,,ON ASYNC,2024-06-29 00:00:00,1,Communication - COMM
SUMMER 2024,COMM 148,RISK COMMUNICATION,KUBITZA S M,MTW,2:00pm - 3:25pm,PHELP2524,2024-06-29 00:00:00,1,Communication - COMM
SUMMER 2024,COMM 151,RELATIONAL COMM,SALEHUDDIN A,MTW,9:30 am - 10:55am,GIRV 1112,2024-06-29 00:00:00,1,Communication - COMM
SUMMER 2024,COMM 154,VIDEO GAME RESEARCH,WEBER R,MTW,2:00pm - 4:50pm,ILP 2209,2024-06-29 00:00:00,1,Communication - COMM
SUMMER 2024,COMM 160DM,DIGITAL CONSUMER BX,HAMILTON K A,MTW,12:30pm - 3:20pm,PHELP2524,2024-06-29 00:00:00,1,Communication - COMM
SUMMER 2024,COMM 160UC,COMM & UNCERTAINTY,AFIFI W A,MTW,12:30pm - 3:20pm,GIRV 1112,2024-06-29 00:00:00,1,Communication - COMM
SUMMER 2024,COMM 169,SOCIAL NETWORKS,MILLER L B,MTW,2:00pm - 3:25pm,ARTS 1356,2024-06-29 00:00:00,1,Communication - COMM
SUMMER 2024,COMM 170,COMMUNICATION LAW,LINZ D G,TWR,11:00am - 12:25pm,ARTS 1353,2024-06-29 00:00:00,1,Communication - COMM
SUMMER 2024,COMM 178,DARK SIDE OF COMM,TRUSCELLI N I,TWR,9:30 am - 12:20pm,GIRV 2128,2024-06-29 00:00:00,1,Communication - COMM
SUMMER 2024,COMM 179,MUSIC COMM,ABRA G J,MTW,9:30 am - 12:20pm,TD-W 2600,2024-06-29 00:00:00,1,Communication - COMM
SUMMER 2024,COMM 186,THE DIGITAL DIVIDE,WANG L H,MTW,3:30pm - 4:55pm,SH 1430,2024-06-29 00:00:00,1,Communication - COMM
SUMMER 2024,COMM 187,DATA SCIENCE COMM,OVERBYE H E,MTW,3:30pm - 4:55pm,PHELP2524,2024-06-29 00:00:00,1,Communication - COMM
SUMMER 2024,COMM W 188,NEWS POLITICS DEMOC,LANE D S,R,3:30pm - 4:45pm,ON LINE,2024-06-29 00:00:00,1,Communication - COMM
SUMMER 2024,COMM 199RA,INDEP RESEARCH ASST,T B A,,,T B A,2024-06-29 00:00:00,1,Communication - COMM
SUMMER 2024,C LIT 30B,MAJ WORKS-EUROP LIT,TAHA R,TWR,11:00am - 12:20pm,BUCHN1934,2024-06-29 00:00:00,1,Comparative Literature - C LIT
SUMMER 2024,C LIT 30C,MAJ WORKS-EUROP LIT,MOAK D,MTWR,3:30pm - 4:35pm,ILP 3314,2024-06-29 00:00:00,1,Comparative Literature - C LIT
SUMMER 2024,C LIT 31,ASIAN LITERATURES,MA Y,TWR,2:00pm - 3:20pm,BUCHN1934,2024-06-29 00:00:00,1,Comparative Literature - C LIT
SUMMER 2024,C LIT 32,MIDDLE EAST LITS.,NEDJAT-HAIEM,TWR,11:00am - 12:20pm,ON LINE,2024-06-29 00:00:00,1,Comparative Literature - C LIT
SUMMER 2024,C LIT 33,AFRICAN LITERATURES,AKUDINOBI J,MTW,2:00pm - 3:20pm,ON LINE,2024-06-29 00:00:00,1,Comparative Literature - C LIT
SUMMER 2024,C LIT 34,LIT OF THE AMERICAS,ZAZZARINO M,MTW,9:30 am - 10:50am,ON LINE,2024-06-29 00:00:00,1,Comparative Literature - C LIT
SUMMER 2024,C LIT 99,INDEPENDENT STUDY,T B A,,,T B A,2024-06-29 00:00:00,1,Comparative Literature - C LIT
SUMMER 2024,C LIT 113,TRAUMA/MEMORY/HIST,NICHOLS J N,MTW,12:30pm - 1:50pm,ARTS 1353,2024-06-29 00:00:00,1,Comparative Literature - C LIT
SUMMER 2024,C LIT 128A,CHILDREN'S LIT,MATTEI M,,,ON ASYNC,2024-06-29 00:00:00,1,Comparative Literature - C LIT
SUMMER 2024,C LIT 187,DEVIL IN LIT,STROBEL M,TWR,2:00pm - 3:20pm,ON LINE,2024-06-29 00:00:00,1,Comparative Literature - C LIT
SUMMER 2024,C LIT 190A,DISABILITY HUMANITY,KILLEEN S M,MTW,12:30pm - 1:50pm,ILP 4101,2024-06-29 00:00:00,1,Comparative Literature - C LIT
SUMMER 2024,C LIT 193,TRANSLATION STUDIES,T B A,,,T B A,2024-06-29 00:00:00,1,Comparative Literature - C LIT
SUMMER 2024,CMPSCW 8,INTRO TO COMP SCI,MOEHLIS J M,TWR,12:30pm - 1:50pm,ON LINE,2024-06-29 00:00:00,1,Computer Science - CMPSC
SUMMER 2024,CMPSCW 8,INTRO TO COMP SCI,MIRZA D,MTW,9:30 am - 10:50am,ON LINE,2024-06-29 00:00:00,1,Computer Science - CMPSC
SUMMER 2024,CMPSC 9,INTERMEDIATE PYTHON,WANG R K,TWR,9:30 am - 10:50am,BIOEN1001,2024-06-29 00:00:00,1,Computer Science - CMPSC
SUMMER 2024,CMPSC 9,INTERMEDIATE PYTHON,SISCO Z D,TWR,12:30pm - 1:50pm,NH 1109,2024-06-29 00:00:00,1,Computer Science - CMPSC
SUMMER 2024,CMPSC 16,PROBLEM SOLVING I,DOWNING M E,T R,9:30 am - 10:45am,LSB 1001,2024-06-29 00:00:00,1,Computer Science - CMPSC
SUMMER 2024,CMPSC 24,PROBLEM SOLVING II,MAJEDI M,T R,2:00pm - 3:15pm,PHELP1445,2024-06-29 00:00:00,1,Computer Science - CMPSC
SUMMER 2024,CMPSC 40,FOUNDATION COMP SCI,SURIANARAYANA,TWR,9:30 am - 10:50am,PHELP1508,2024-06-29 00:00:00,1,Computer Science - CMPSC
SUMMER 2024,CMPSC 111,INT COMPUTAT SCI,GIBOU F G,TWR,12:30pm - 1:50pm,PHELP1160,2024-06-29 00:00:00,1,Computer Science - CMPSC
SUMMER 2024,CMPSC 192,PROJECTS COMP SCI,T B A,,,T B A,2024-06-29 00:00:00,1,Computer Science - CMPSC
SUMMER 2024,CMPSC 196,UNDERGRAD RESEARCH,T B A,,,T B A,2024-06-29 00:00:00,1,Computer Science - CMPSC
SUMMER 2024,CMPSC 199,IND STUD COMP SCI,T B A,,,T B A,2024-06-29 00:00:00,1,Computer Science - CMPSC
SUMMER 2024,CNCSP 101,INTRO HELP SKILLS,RIVERA D B,MTWR,2:00pm - 3:20pm,WEBB 1100,2024-06-29 00:00:00,1,"Counseling, Clinical, School Psychology - CNCSP"
SUMMER 2024,CNCSP 102,RESEARCH APP PSYCH,RIVERA D B,MTWR,11:00am - 12:20pm,BRDA 1640,2024-06-29 00:00:00,1,"Counseling, Clinical, School Psychology - CNCSP"
SUMMER 2024,CNCSP 102,RESEARCH APP PSYCH,CHIN J,MTWR,3:30pm - 4:50pm,PHELP1260,2024-06-29 00:00:00,1,"Counseling, Clinical, School Psychology - CNCSP"
SUMMER 2024,CNCSP 110,INTRO ED & VOC GUID,LICONA S J,MTWR,2:00pm - 3:20pm,ED 1213,2024-06-29 00:00:00,1,"Counseling, Clinical, School Psychology - CNCSP"
SUMMER 2024,CNCSP 112,POSITIVE PSYCH,ANAYA-LOPEZ M,MTWR,11:00am - 12:20pm,HSSB 1174,2024-06-29 00:00:00,1,"Counseling, Clinical, School Psychology - CNCSP"
SUMMER 2024,CNCSP 114,PSYCH OF GENDER,RAMIREZ Y,MTWR,12:30pm - 1:50pm,ED 1213,2024-06-29 00:00:00,1,"Counseling, Clinical, School Psychology - CNCSP"
SUMMER 2024,CNCSP 199,INDEPEN STUDENTS,T B A,,,T B A,2024-06-29 00:00:00,1,"Counseling, Clinical, School Psychology - CNCSP"
SUMMER 2024,CNCSP 199RA,INDEP RES ASST,T B A,,,T B A,2024-06-29 00:00:00,1,"Counseling, Clinical, School Psychology - CNCSP"
SUMMER 2024,DANCEW 36,HIST MODERN DANCE,BENNAHUM D,,,ON ASYNC,2024-06-29 00:00:00,1,Dance - DANCE
SUMMER 2024,DANCE 43B,BEG STREET DANCE,HAYNES R M,M W F,11:00am - 12:50pm,HSSB 1151,2024-06-29 00:00:00,1,Dance - DANCE
SUMMER 2024,DANCE 51,IMPROVISATION,SMILEY B T,MTWRF,1:00pm - 2:50pm,ON LINE,2024-06-29 00:00:00,1,Dance - DANCE
SUMMER 2024,DANCE 143A,STREET DANCE,HAYNES R M,M W F,11:00am - 12:50pm,HSSB 1151,2024-06-29 00:00:00,1,Dance - DANCE
SUMMER 2024,DANCE 147S,BALLET III,MEUNIER M M,MTWRF,10:00am - 12:50pm,TD-W 1501,2024-06-29 00:00:00,1,Dance - DANCE
SUMMER 2024,DANCE 149,DANCE WORKSHOP,T B A,,,T B A,2024-06-29 00:00:00,1,Dance - DANCE
SUMMER 2024,DANCE 163,ADV IMPROV,SMILEY B T,MTWRF,1:00pm - 2:50pm,HSSB 1151,2024-06-29 00:00:00,1,Dance - DANCE
SUMMER 2024,DANCE 194,GROUP STUD IN DANCE,WHITED B S,MTWRF,10:00am - 11:50am,HSSB 1135,2024-06-29 00:00:00,1,Dance - DANCE
SUMMER 2024,EARTH 4,INTRO OCEANOGRAPHY,ANDERSON O E,TWR,11:00am - 12:20pm,PSB-S2712,2024-06-29 00:00:00,1,Earth Science - EARTH
SUMMER 2024,EARTH 10,ANTARCTICA,ANDERSON O E,TWR,11:00am - 12:20pm,PSB-S2712,2024-06-29 00:00:00,1,Earth Science - EARTH
SUMMER 2024,EARTHW 20,GEOL CATASTROPHES,COX D D,,,ON ASYNC,2024-06-29 00:00:00,1,Earth Science - EARTH
SUMMER 2024,EARTHW 20,GEOL CATASTROPHES,COX D D,,,ON ASYNC,2024-06-29 00:00:00,1,Earth Science - EARTH
SUMMER 2024,EARTH 123,THE SOLAR SYSTEM,ANDERSON O E,TWR,9:30 am - 10:50am,PSB-S2712,2024-06-29 00:00:00,1,Earth Science - EARTH
SUMMER 2024,EARTH 187,TEACHING PRACTICUM,T B A,,,T B A,2024-06-29 00:00:00,1,Earth Science - EARTH
SUMMER 2024,EARTH 196HA,SR HONORS THESIS,T B A,,,T B A,2024-06-29 00:00:00,1,Earth Science - EARTH
SUMMER 2024,EARTH 196HB,SR HONORS THESIS,T B A,,,T B A,2024-06-29 00:00:00,1,Earth Science - EARTH
SUMMER 2024,EARTH 196HC,SR HONORS THESIS,T B A,,,T B A,2024-06-29 00:00:00,1,Earth Science - EARTH
SUMMER 2024,EARTH 198,READINGS IN GEOL SC,T B A,,,T B A,2024-06-29 00:00:00,1,Earth Science - EARTH
SUMMER 2024,EARTH 199RA,IND. RESEARCH ASST.,T B A,,,T B A,2024-06-29 00:00:00,1,Earth Science - EARTH
SUMMER 2024,EACS 4A,EAST ASIAN PRE-MOD,"FLEMING W, FRYBERGER P D",TWR,11:00am - 12:25pm,PHELP2516,2024-06-29 00:00:00,1,East Asian Cultural Studies - EACS
SUMMER 2024,EACS 4B,EAST ASIAN MODERN,"FRYBERGER P D, MA Y",TWR,12:30pm - 1:55pm,NH 1006,2024-06-29 00:00:00,1,East Asian Cultural Studies - EACS
SUMMER 2024,EEMB 2,INTRO BIOLOGY II-EE,EVEN T J,MTWR,2:00pm - 3:20pm,CHEM 1179,2024-06-29 00:00:00,1,"Ecology, Evolution & Marine Biology - EEMB"
SUMMER 2024,EEMB 7,EVOL PHYS BRAIN SCI,"MARSH J, LYFORD H",MTW,8:00 am - 9:25 am,TD-W 1701,2024-06-29 00:00:00,1,"Ecology, Evolution & Marine Biology - EEMB"
SUMMER 2024,EEMB W 22,BIO CONCEPT/CONTROV,EVEN T J,,,ON ASYNC,2024-06-29 00:00:00,1,"Ecology, Evolution & Marine Biology - EEMB"
SUMMER 2024,EEMB 40,ECO INFECT DISEASE,LATTO J G,MTW,12:30pm - 1:55pm,PHELP1425,2024-06-29 00:00:00,1,"Ecology, Evolution & Marine Biology - EEMB"
SUMMER 2024,EEMB 120,INTRO TO ECOLOGY,MARSH J,MTW,8:00 am - 9:25 am,PHELP2516,2024-06-29 00:00:00,1,"Ecology, Evolution & Marine Biology - EEMB"
SUMMER 2024,EEMB 131,PRIN OF EVOLUTION,COMSTOCK J A,MTW,2:00pm - 3:25pm,PHELP2516,2024-06-29 00:00:00,1,"Ecology, Evolution & Marine Biology - EEMB"
SUMMER 2024,EEMB W 146,BIOMETRY,THOMASSON K M,,,ON ASYNC,2024-06-29 00:00:00,1,"Ecology, Evolution & Marine Biology - EEMB"
SUMMER 2024,EEMB 159,TROPICAL ECOLOGY,EVEN T J,MTWR,11:00am - 12:05pm,PHELP1425,2024-06-29 00:00:00,1,"Ecology, Evolution & Marine Biology - EEMB"
SUMMER 2024,EEMB 170,MARINE-LAND INTERF,"PAGE H M, MICHAUD K M",T R,8:00 am - 9:20 am,LSB 1101,2024-06-29 00:00:00,1,"Ecology, Evolution & Marine Biology - EEMB"
SUMMER 2024,EEMB 183,TEACHING ASSISTANCE,T B A,,,T B A,2024-06-29 00:00:00,1,"Ecology, Evolution & Marine Biology - EEMB"
SUMMER 2024,EEMB 185,OCEANOGRAPHY FLD WK,T B A,,,T B A,2024-06-29 00:00:00,1,"Ecology, Evolution & Marine Biology - EEMB"
SUMMER 2024,ECON 3A,FINANCIAL ACCTG,HARMON C J,MTW,9:30 am - 10:50am,NH 1110,2024-06-29 00:00:00,1,Economics - ECON
SUMMER 2024,ECON 3B,FINANCIAL ACCTG,FULKERSON S D,M W,8:30 am - 10:35am,ON LINE,2024-06-29 00:00:00,1,Economics - ECON
SUMMER 2024,ECON 5,STAT ECON,STREHL PESSIN,M W,11:00am - 11:50am,ILP 2207,2024-06-29 00:00:00,1,Economics - ECON
SUMMER 2024,ECON 5,STAT ECON,HERRERA LA RO,M W,2:00pm - 2:50pm,ILP 2207,2024-06-29 00:00:00,1,Economics - ECON
SUMMER 2024,ECON 10A,MICROECON THEORY,"HARTMAN J L, OLGUIN D S",MTWR,9:30 am - 10:35am,ILP 1302,2024-06-29 00:00:00,1,Economics - ECON
SUMMER 2024,ECON 100B,MICROECON THEORY,QIN C Z,TWR,2:00pm - 4:50pm,BUCHN1930,2024-06-29 00:00:00,1,Economics - ECON
SUMMER 2024,ECON 101,MACROECON THEORY,BIRCHENALL J,MTW,9:30 am - 10:50am,CHEM 1171,2024-06-29 00:00:00,1,Economics - ECON
SUMMER 2024,ECON 114B,ECONOMIC DEVELOP,BIRCHENALL J,MTW,8:00 am - 9:20 am,PHELP1260,2024-06-29 00:00:00,1,Economics - ECON
SUMMER 2024,ECON 118,FIN ACCTG ANALYSIS,FULKERSON S D,M W,12:30pm - 2:35pm,ON LINE,2024-06-29 00:00:00,1,Economics - ECON
SUMMER 2024,ECON 134A,FIN MANAGEMENT,ZHANG J,TWR,11:00am - 12:25pm,PHELP1260,2024-06-29 00:00:00,1,Economics - ECON
SUMMER 2024,ECON 135,MONETARY ECONOMICS,"RUPERT P, HYUN M",MTW,11:00am - 12:20pm,ON LINE,2024-06-29 00:00:00,1,Economics - ECON
SUMMER 2024,ECON 136A,INTERMED ACCOUNTING,GROVER S R,T R,8:00 am - 10:05am,ON LINE,2024-06-29 00:00:00,1,Economics - ECON
SUMMER 2024,ECON 136C,INTERMED ACCOUNTING,HARMON C J,MTW,8:00 am - 9:20 am,NH 1110,2024-06-29 00:00:00,1,Economics - ECON
SUMMER 2024,ECON 137A,MANAGERIAL ACCTG,GROVER S R,T R,11:00am - 1:05pm,ON LINE,2024-06-29 00:00:00,1,Economics - ECON
SUMMER 2024,ECON 140A,INTRO ECONOMETRICS,STEIGERWALD D,MTW,9:30 am - 12:20pm,PHELP1160,2024-06-29 00:00:00,1,Economics - ECON
SUMMER 2024,ECON 140B,INTRO ECONOMETRICS,STEIGERWALD D,MTW,2:00pm - 4:50pm,ARTS 1353,2024-06-29 00:00:00,1,Economics - ECON
SUMMER 2024,ECON 150A,LABOR ECONOMICS,"RUPERT P, BROWN S N",MTW,12:30pm - 1:50pm,ON LINE,2024-06-29 00:00:00,1,Economics - ECON
SUMMER 2024,ECON 199RA,INDEP RESEARCH ASST,T B A,,,T B A,2024-06-29 00:00:00,1,Economics - ECON
SUMMER 2024,ED 111,INTR CHILD/ADOL DEV,HAILATI M,T R,2:00pm - 4:20pm,ED 1215,2024-06-29 00:00:00,1,Education - ED
SUMMER 2024,ED 111,INTR CHILD/ADOL DEV,SHACKLEY M J,M W,2:00pm - 4:20pm,ED 1213,2024-06-29 00:00:00,1,Education - ED
SUMMER 2024,ED W 119,TCH LRN K-12 CLSSRM,BLACKWELL K S,,,ON ASYNC,2024-06-29 00:00:00,1,Education - ED
SUMMER 2024,ED 123,"CULTURE, DEV, EDUC",SULTANA S,M R,9:00 am - 11:20am,ED 1213,2024-06-29 00:00:00,1,Education - ED
SUMMER 2024,ED 123,"CULTURE, DEV, EDUC",FRANITZA M C,MT R,9:00 am - 10:20am,ED 1213,2024-06-29 00:00:00,1,Education - ED
SUMMER 2024,ED W 125,SCHOOLING IN THE US,DUQUE J D,,,ON ASYNC,2024-06-29 00:00:00,1,Education - ED
SUMMER 2024,ED 199RA,INDEP RESEARCH ASST,T B A,,,T B A,2024-06-29 00:00:00,1,Education - ED
SUMMER 2024,ECE 15A,FUND OF LOGIC DES,ISUKAPALLI Y,MTW,9:30 am - 10:50am,PHELP1437,2024-06-29 00:00:00,1,Electrical Computer Engineering - ECE
SUMMER 2024,ECE 192,PROJ ELECT COMP ENG,T B A,,,T B A,2024-06-29 00:00:00,1,Electrical Computer Engineering - ECE
SUMMER 2024,ECE 196,UNDERGRAD RESEARCH,T B A,,,T B A,2024-06-29 00:00:00,1,Electrical Computer Engineering - ECE
SUMMER 2024,ECE 199,IND STUD-ECE,T B A,,,T B A,2024-06-29 00:00:00,1,Electrical Computer Engineering - ECE
SUMMER 2024,ENGR W 3,INTRO TO PROG,MOEHLIS J M,,,ON ASYNC,2024-06-29 00:00:00,1,Engineering Sciences - ENGR
SUMMER 2024,ENGR 101,ETHICS IN ENGR,HOUGH K C,M W,2:00pm - 4:05pm,NH 1109,2024-06-29 00:00:00,1,Engineering Sciences - ENGR
SUMMER 2024,ENGL 10,INTRO TO LIT STUDY,EVANS-WARE K,MTWR,9:30 am - 10:55am,ON LINE,2024-06-29 00:00:00,1,English - ENGL
SUMMER 2024,ENGL 10,INTRO TO LIT STUDY,HOLMES T J,MTWR,12:30pm - 1:55pm,HSSB 2251,2024-06-29 00:00:00,1,English - ENGL
SUMMER 2024,ENGL 10,INTRO TO LIT STUDY,NOWICKI S,MTWR,2:00pm - 3:25pm,ILP 3209,2024-06-29 00:00:00,1,English - ENGL
SUMMER 2024,ENGL 10,INTRO TO LIT STUDY,CAI Q,MTWR,3:30pm - 4:55pm,ON LINE,2024-06-29 00:00:00,1,English - ENGL
SUMMER 2024,ENGL 10,INTRO TO LIT STUDY,BLURTON H F,MTWR,11:00am - 12:25pm,ON LINE,2024-06-29 00:00:00,1,English - ENGL
SUMMER 2024,ENGL 10,INTRO TO LIT STUDY,REEVE D J,MTWR,3:30pm - 4:55pm,BUCHN1934,2024-06-29 00:00:00,1,English - ENGL
SUMMER 2024,ENGL 10,INTRO TO LIT STUDY,COOK M E,MTWR,9:30 am - 10:55am,ON LINE,2024-06-29 00:00:00,1,English - ENGL
SUMMER 2024,ENGL 10,INTRO TO LIT STUDY,BAKER R R,MTWR,10:00am - 11:25am,SH 1609,2024-06-29 00:00:00,1,English - ENGL
SUMMER 2024,ENGL 10,INTRO TO LIT STUDY,HENDERSON A M,MTWR,11:00am - 12:25pm,HSSB 2251,2024-06-29 00:00:00,1,English - ENGL
SUMMER 2024,ENGL 10,INTRO TO LIT STUDY,YOUNG M R,MTWR,12:30pm - 1:55pm,ILP 3101,2024-06-29 00:00:00,1,English - ENGL
SUMMER 2024,ENGL 10,INTRO TO LIT STUDY,TERRELL C J,MTWR,2:00pm - 3:25pm,ILP 3207,2024-06-29 00:00:00,1,English - ENGL
SUMMER 2024,ENGL 10,INTRO TO LIT STUDY,BIEVENUE O M,MTWR,3:30pm - 4:55pm,HSSB 2251,2024-06-29 00:00:00,1,English - ENGL
SUMMER 2024,ENGL 10,INTRO TO LIT STUDY,HENDERSON O G,MTWR,9:30 am - 10:55am,BUCHN1934,2024-06-29 00:00:00,1,English - ENGL
SUMMER 2024,ENGL 15,SHAKESPEARE,FULMER A G,MTWR,10:00am - 11:25am,GIRV 1119,2024-06-29 00:00:00,1,English - ENGL
SUMMER 2024,ENGL 22,WESTERN TRADITIONS,HILTNER K C,MTWR,9:30 am - 10:35am,ON LINE,2024-06-29 00:00:00,1,English - ENGL
SUMMER 2024,ENGL 23,THE CLIMATE CRISIS,HILTNER K C,MTWR,9:30 am - 10:55am,ON LINE,2024-06-29 00:00:00,1,English - ENGL
SUMMER 2024,ENGL 50,INTRO ETHNIC LIT,AHMED N S,MTWR,9:30 am - 10:35am,PHELP2532,2024-06-29 00:00:00,1,English - ENGL
SUMMER 2024,ENGL 50,INTRO ETHNIC LIT,SINTURA M C,MTWR,3:30pm - 4:35pm,ON LINE,2024-06-29 00:00:00,1,English - ENGL
SUMMER 2024,ENGL 65AL,AFROLATINX LIT,GUYTON ACOSTA,MTWR,11:00am - 12:20pm,ILP 4205,2024-06-29 00:00:00,1,English - ENGL
SUMMER 2024,ENGL 99,INTRO TO RESEARCH,T B A,,,T B A,2024-06-29 00:00:00,1,English - ENGL
SUMMER 2024,ENGL 103B,BRIT LIT 1789-1900,DONNELLY B,MTWR,3:30pm - 4:35pm,ON LINE,2024-06-29 00:00:00,1,English - ENGL
SUMMER 2024,ENGL 104A,AMER LIT 1900-PRES,HUANG YU,MTWR,12:30pm - 1:35pm,NH 1111,2024-06-29 00:00:00,1,English - ENGL
SUMMER 2024,ENGL 115,MEDIEVAL LITERATURE,BLURTON H F,MTWR,12:30pm - 1:35pm,ON LINE,2024-06-29 00:00:00,1,English - ENGL
SUMMER 2024,ENGL 122UE,URBAN EXPERIENCE,BOSCAGLI M,MTWR,12:30pm - 1:35pm,ON LINE,2024-06-29 00:00:00,1,English - ENGL
SUMMER 2024,ENGL 124,MODERN SHORT STORY,DUFFY A E,MTWR,9:30 am - 10:35am,ON LINE,2024-06-29 00:00:00,1,English - ENGL
SUMMER 2024,ENGL 134AA,CULT OF ASIAN AMER,HUANG YU,MTWR,2:00pm - 3:05pm,NH 1111,2024-06-29 00:00:00,1,English - ENGL
SUMMER 2024,ENGL 134AL,AFROLATINIDADES,OLGUIN B V,MTWR,9:30 am - 10:50am,ILP 4205,2024-06-29 00:00:00,1,English - ENGL
SUMMER 2024,ENGL 147AP,ANIMATING POETICS,CHIN C A,MTWR,11:00am - 12:05pm,PHELP2532,2024-06-29 00:00:00,1,English - ENGL
SUMMER 2024,ENGL 165IB,TOPICS IN LITERATUR,JOHNSON AMRAH,MTWR,2:00pm - 3:05pm,ON LINE,2024-06-29 00:00:00,1,English - ENGL
SUMMER 2024,ENGL 184,MODERN EUROPEAN LIT,BOSCAGLI M,MTWR,11:00am - 12:05pm,ON LINE,2024-06-29 00:00:00,1,English - ENGL
SUMMER 2024,ENGL 192DF,SCI FI: DYSTOPIAN,DONNELLY B,MTWR,2:00pm - 3:05pm,ON LINE,2024-06-29 00:00:00,1,English - ENGL
SUMMER 2024,ENGL 192FE,FANTASY AND ECOLOGY,SHEWRY T J,MTWR,2:00pm - 3:05pm,ON LINE,2024-06-29 00:00:00,1,English - ENGL
SUMMER 2024,ENGL 193,DETECTIVE FICTION,PARRA M A,MTWR,3:30pm - 4:35pm,ON LINE,2024-06-29 00:00:00,1,English - ENGL
SUMMER 2024,ENGL 193,DETECTIVE FICTION,DUFFY A E,MTWR,11:00am - 12:05pm,ON LINE,2024-06-29 00:00:00,1,English - ENGL
SUMMER 2024,ENGL 196,HONORS ENGLISH,T B A,,,T B A,2024-06-29 00:00:00,1,English - ENGL
SUMMER 2024,ENV S 1,INTRO ENVIR STUDIES,QUIROS W,MTWR,9:30 am - 10:40am,ILP 2101,2024-06-29 00:00:00,1,Environmental Studies - ENV S
SUMMER 2024,ENV S 2,INTRO ENV SCIENCE,MURRAY D A,MTW,9:30 am - 10:45am,BREN 4016,2024-06-29 00:00:00,1,Environmental Studies - ENV S
SUMMER 2024,ENV S 3,INTRO SOC&CULT ENV,NIELSEN E S,MTWR,12:30pm - 1:40pm,BUCHN1920,2024-06-29 00:00:00,1,Environmental Studies - ENV S
SUMMER 2024,ENV SW 60,APPLIED ECOLOGY,TYLER C M,,,ON ASYNC,2024-06-29 00:00:00,1,Environmental Studies - ENV S
SUMMER 2024,ENV S 99,INTRO TO RESEARCH,T B A,,,T B A,2024-06-29 00:00:00,1,Environmental Studies - ENV S
SUMMER 2024,ENV S 108W,PEOPLE & WILDLIFE,DENNY S M,MTWR,8:00 am - 9:10 am,PHELP2532,2024-06-29 00:00:00,1,Environmental Studies - ENV S
SUMMER 2024,ENV S 117,LOW CARBON SOCIETY,GRIMES N G,MTWR,12:30pm - 1:40pm,PHELP1508,2024-06-29 00:00:00,1,Environmental Studies - ENV S
SUMMER 2024,ENV S 129,ECOPSYCHOLOGY,PYE L,MTWR,8:00 am - 9:10 am,NH 1111,2024-06-29 00:00:00,1,Environmental Studies - ENV S
SUMMER 2024,ENV S 130C,AQUATIC FOOD MANGT,MILLER K M,MTWR,2:00pm - 3:20pm,NH 1111,2024-06-29 00:00:00,1,Environmental Studies - ENV S
SUMMER 2024,ENV S 137,CONSERV PLANNING,MURRAY D A,MTWR,11:00am - 12:10pm,BREN 4016,2024-06-29 00:00:00,1,Environmental Studies - ENV S
SUMMER 2024,ENV S 159,PUBLIC LANDS,WILLIAMS D L,MTWR,3:30pm - 4:40pm,ON LINE,2024-06-29 00:00:00,1,Environmental Studies - ENV S
SUMMER 2024,ENV S 193TK,TRAD ECO KNOWLEDGE,MCMURTREY M J,MTWR,11:00am - 12:10pm,ON LINE,2024-06-29 00:00:00,1,Environmental Studies - ENV S
SUMMER 2024,ENV S 196,INTRO TEACHING ES,T B A,,,T B A,2024-06-29 00:00:00,1,Environmental Studies - ENV S
SUMMER 2024,ENV S 199RA,INDEPENDEN RESEARCH,T B A,,,T B A,2024-06-29 00:00:00,1,Environmental Studies - ENV S
SUMMER 2024,ESS W 3,NUTRITION/HEALTH,JAMIESON A E,,,ON ASYNC,2024-06-29 00:00:00,1,Exercise & Sport Studies - ESS
SUMMER 2024,ESS W 3,NUTRITION/HEALTH,JAMIESON A E,,,ON ASYNC,2024-06-29 00:00:00,1,Exercise & Sport Studies - ESS
SUMMER 2024,ESS W 9,PRIN HEALTH PROMO,SLADE A M,,,ON ASYNC,2024-06-29 00:00:00,1,Exercise & Sport Studies - ESS
SUMMER 2024,ESS W 9,PRIN HEALTH PROMO,JAMIESON A E,,,ON ASYNC,2024-06-29 00:00:00,1,Exercise & Sport Studies - ESS
SUMMER 2024,ESS W 131,SPORT EXERCISE PSY,SLADE A M,,,ON ASYNC,2024-06-29 00:00:00,1,Exercise & Sport Studies - ESS
SUMMER 2024,ESS W 131,SPORT EXERCISE PSY,SLADE A M,,,ON ASYNC,2024-06-29 00:00:00,1,Exercise & Sport Studies - ESS
SUMMER 2024,FEMSTW 20,INTRO GENDER POWER,TEMPLE S N,,,ON ASYNC,2024-06-29 00:00:00,1,Feminist Studies - FEMST
SUMMER 2024,FEMSTW 20,INTRO GENDER POWER,DASGUPTA D,,,ON ASYNC,2024-06-29 00:00:00,1,Feminist Studies - FEMST
SUMMER 2024,FEMST 60,WOMEN OF COLOR,SPENCER M H,MTWR,2:00pm - 3:20pm,ON LINE,2024-06-29 00:00:00,1,Feminist Studies - FEMST
SUMMER 2024,FEMSTW 80,INTRO TO LGBTQ STUD,WARD JANE,MTWR,9:00 am - 10:20am,ON LINE,2024-06-29 00:00:00,1,Feminist Studies - FEMST
SUMMER 2024,FEMSTW 150,"SEX, LOVE & ROMANCE",SCHUSTER E C,,,ON ASYNC,2024-06-29 00:00:00,1,Feminist Studies - FEMST
SUMMER 2024,FEMSTW 150,"SEX, LOVE & ROMANCE",WEBBER M E,,,ON ASYNC,2024-06-29 00:00:00,1,Feminist Studies - FEMST
SUMMER 2024,FEMST 198,READING FEMST STU,T B A,,,T B A,2024-06-29 00:00:00,1,Feminist Studies - FEMST
SUMMER 2024,FEMST 199,IND STU FEMST STU,T B A,,,T B A,2024-06-29 00:00:00,1,Feminist Studies - FEMST
SUMMER 2024,FEMST 199RA,IND RES FEMST,T B A,,,T B A,2024-06-29 00:00:00,1,Feminist Studies - FEMST
SUMMER 2024,FAMST 46,INTRO TO CINEMA,BANERJEE T,T R,2:00pm - 4:50pm,PLLOKTHTR,2024-06-29 00:00:00,1,Film and Media Studies - FAMST
SUMMER 2024,FAMST 46,INTRO TO CINEMA,BRUSUTTI A,T R,2:00pm - 4:50pm,PLLOKTHTR,2024-06-29 00:00:00,1,Film and Media Studies - FAMST
SUMMER 2024,FAMST 55CY,ROBOTS TO CYBORGS,BRUSUTTI A,M W,4:00pm - 6:50pm,BUCHN1930,2024-06-29 00:00:00,1,Film and Media Studies - FAMST
SUMMER 2024,FAMST 70,MEDIA CRITICISM,FARRELL R M,M W,2:00pm - 3:50pm,PLLOKTHTR,2024-06-29 00:00:00,1,Film and Media Studies - FAMST
SUMMER 2024,FAMST 96,ADV FILM ANALYSIS,FARRELL R M,M W,2:00pm - 3:50pm,PLLOKTHTR,2024-06-29 00:00:00,1,Film and Media Studies - FAMST
SUMMER 2024,FAMST 101A,HISTORY SILENT FILM,RAZOR S,T R,10:00am - 12:50pm,PLLOKTHTR,2024-06-29 00:00:00,1,Film and Media Studies - FAMST
SUMMER 2024,FAMST 109EM,TOPICS IN FILM PROD,"JENKINS C L, KELLETT I A",T R,9:00 am - 11:50am,SSMS 2303,2024-06-29 00:00:00,1,Film and Media Studies - FAMST
SUMMER 2024,FAMST 109EP,TOPICS IN FILM PROD,"JENKINS C L, KELLETT I A",T R,9:00 am - 11:50am,SSMS 2303,2024-06-29 00:00:00,1,Film and Media Studies - FAMST
SUMMER 2024,FAMST 110,PROFESSIONAL DEVELO,MELNICK R D,F,9:00 am - 10:50am,ON LINE,2024-06-29 00:00:00,1,Film and Media Studies - FAMST
SUMMER 2024,FAMSTW 151FA,SILENT FILM WEST OF,DRISKEL D B,M,9:00 am - 11:50am,ON LINE,2024-06-29 00:00:00,1,Film and Media Studies - FAMST
SUMMER 2024,FAMST 182,INTRO ENV MEDIA,GRAY S M,M W,9:00 am - 11:50am,SSMS 2303,2024-06-29 00:00:00,1,Film and Media Studies - FAMST
SUMMER 2024,FAMST 188SS,STORYTELLING SCREEN,WYMAN A J,MTWR,9:00 am - 11:50am,SSMS 2017,2024-06-29 00:00:00,1,Film and Media Studies - FAMST
SUMMER 2024,FAMST 188TV,T.V. WRITING,JACKSON W E,M W,2:00pm - 4:50pm,ILP 3105,2024-06-29 00:00:00,1,Film and Media Studies - FAMST
SUMMER 2024,FAMST 188WS,WORKSHOP FOR SCREEN,JACKSON W E,MTWR,9:00 am - 11:50am,SSMS 2017,2024-06-29 00:00:00,1,Film and Media Studies - FAMST
SUMMER 2024,FAMST 192DT,DIGITAL THEORY,SAGHAZADEH S,T R,2:00pm - 4:50pm,ILP 1101,2024-06-29 00:00:00,1,Film and Media Studies - FAMST
SUMMER 2024,FAMST 196,SENIOR HONORS SEM,T B A,,,T B A,2024-06-29 00:00:00,1,Film and Media Studies - FAMST
SUMMER 2024,FR 1,ELEMENTARY FRENCH,STROBEL M,MTWRF,9:30 am - 11:45am,ON LINE,2024-06-29 00:00:00,1,French - FR
SUMMER 2024,FR 2,ELEMENTARY FRENCH,LOPATKO E,MTWRF,9:30 am - 11:45am,ON LINE,2024-06-29 00:00:00,1,French - FR
SUMMER 2024,FR 3,ELEMENTARY FRENCH,APPINO-TABONE,MTWRF,9:30 am - 11:45am,ON LINE,2024-06-29 00:00:00,1,French - FR
SUMMER 2024,FR 99,INDEPENDENT STUDY,T B A,,,T B A,2024-06-29 00:00:00,1,French - FR
SUMMER 2024,FR 154F,TIME OFF IN PARIS,PHILLIPS M E,TWR,2:00pm - 3:20pm,ILP 3209,2024-06-29 00:00:00,1,French - FR
SUMMER 2024,FR 155C,FR&FRANCOPH WM WRIT,KAPLAN S C,TWR,2:00pm - 3:20pm,PHELP2514,2024-06-29 00:00:00,1,French - FR
SUMMER 2024,GEOG 3,OCEAN/ATMOSPHERE,WATERS E A,MTWR,9:30 am - 10:35am,ELLSN3621,2024-06-29 00:00:00,1,Geography - GEOG
SUMMER 2024,GEOG 4,"LAND, WATER & LIFE",THACKER R E,MTWR,9:30 am - 10:35am,ELLSN3621,2024-06-29 00:00:00,1,Geography - GEOG
SUMMER 2024,GEOG 5,PEOPLE/PLACE/ENVIRO,COSTA L M,MTWR,12:30pm - 1:35pm,ELLSN2620,2024-06-29 00:00:00,1,Geography - GEOG
SUMMER 2024,GEOG W 8,GLOBAL WARMING,SILVA G D,,,ON ASYNC,2024-06-29 00:00:00,1,Geography - GEOG
SUMMER 2024,GEOG W 12,MAPS SPAT REAS,MCMAHON C,,,ON ASYNC,2024-06-29 00:00:00,1,Geography - GEOG
SUMMER 2024,GEOG 20,GEOG OF SURFING,DE ORLA-BARIL,MTWR,11:00am - 12:05pm,ELLSN3621,2024-06-29 00:00:00,1,Geography - GEOG
SUMMER 2024,GEOG 152,HEALTH GEOGRAPHY,REID S C,MTWR,12:30pm - 1:35pm,ELLSN3621,2024-06-29 00:00:00,1,Geography - GEOG
SUMMER 2024,GEOG 176A,INTRO GEOG INF SYS,ALIZADEH D,MTWR,2:00pm - 3:05pm,ELLSN3621,2024-06-29 00:00:00,1,Geography - GEOG
SUMMER 2024,GEOG 199RA,INDEP RESEARCH ASST,T B A,,,T B A,2024-06-29 00:00:00,1,Geography - GEOG
SUMMER 2024,GER 1,ELEMENTARY GERMAN,WHITE K D,MTWR,9:30 am - 12:20pm,HSSB 1211,2024-06-29 00:00:00,1,German - GER
SUMMER 2024,GER 2,ELEMENTARY GERMAN,WHITE K D,MTWR,9:30 am - 12:20pm,HSSB 1214,2024-06-29 00:00:00,1,German - GER
SUMMER 2024,GER 3,ELEMENTARY GERMAN,PAJAK A K,MTWR,9:30 am - 12:20pm,HSSB 1215,2024-06-29 00:00:00,1,German - GER
SUMMER 2024,GER 116A,HOLOCAUST REPRESNTN,PAJAK A K,T R,1:00pm - 3:20pm,ON LINE,2024-06-29 00:00:00,1,German - GER
SUMMER 2024,GER 187,DEVIL IN LIT,STROBEL M,TWR,2:00pm - 3:20pm,ON LINE,2024-06-29 00:00:00,1,German - GER
SUMMER 2024,GER 199RA,INDEP RES ASSIST,T B A,,,T B A,2024-06-29 00:00:00,1,German - GER
SUMMER 2024,GLOBL 1,GLOBL HIS/CUL/IDEOL,MOAK D,MTWR,11:00am - 12:15pm,GIRV 1112,2024-06-29 00:00:00,1,Global Studies - GLOBL
SUMMER 2024,GLOBL 2,GLOBL SOC/ECON/POL,CERPA VIELMA,MTWR,11:00am - 12:15pm,GIRV 1112,2024-06-29 00:00:00,1,Global Studies - GLOBL
SUMMER 2024,GLOBL 118,GENDER/HUMAN RIGHTS,SACRAMENTO MO,MTWR,2:00pm - 3:05pm,PHELP2532,2024-06-29 00:00:00,1,Global Studies - GLOBL
SUMMER 2024,GLOBL 124,GLOBAL PEAC & CONFL,AHMED J,MTWR,2:00pm - 3:05pm,ON LINE,2024-06-29 00:00:00,1,Global Studies - GLOBL
SUMMER 2024,GLOBL 130,GLBL ECON/DEVELOPM,MILLER M J,MTWR,11:00am - 12:15pm,ILP 3107,2024-06-29 00:00:00,1,Global Studies - GLOBL
SUMMER 2024,GREEK 199,INDEP STUDY GREEK,T B A,,,T B A,2024-06-29 00:00:00,1,Greek - GREEK
SUMMER 2024,HIST W 2A,WORLD HISTORY,BARBIERI A J,,,ON ASYNC,2024-06-29 00:00:00,1,History - HIST
SUMMER 2024,HIST 2B,WORLD HISTORY,GIAMBONI G,,,ON ASYNC,2024-06-29 00:00:00,1,History - HIST
SUMMER 2024,HIST 4A,ANCIENT MEDITERRANE,NGUYEN M N,MTW,11:00am - 12:25pm,ARTS 1356,2024-06-29 00:00:00,1,History - HIST
SUMMER 2024,HIST W 4B,MEDIEV ERLY MOD EUR,BOULEY B A,,,ON ASYNC,2024-06-29 00:00:00,1,History - HIST
SUMMER 2024,HIST 9,HISTORICAL METHODS,GIAMBONI G,MTW,9:30 am - 10:55am,ILP 3103,2024-06-29 00:00:00,1,History - HIST
SUMMER 2024,HIST W 17B,AMERICAN PEOPLE,PERRONE G,,,ON ASYNC,2024-06-29 00:00:00,1,History - HIST
SUMMER 2024,HIST 17C,AMERICAN PEOPLE,DUNNE S C,MTW,2:00pm - 3:25pm,CHEM 1171,2024-06-29 00:00:00,1,History - HIST
SUMMER 2024,HIST W 56,INTRO MEXICAN HIST,CASTILLO-MUNO,,,ON ASYNC,2024-06-29 00:00:00,1,History - HIST
SUMMER 2024,HIST 74,POVERTYINEQUALITYSJ,JOHNSON N,,,ON ASYNC,2024-06-29 00:00:00,1,History - HIST
SUMMER 2024,HIST W 80,CHIN CIVIL,BARBIERI A J,,,ON ASYNC,2024-06-29 00:00:00,1,History - HIST
SUMMER 2024,HIST W 80,CHIN CIVIL,BARBIERI A J,,,ON ASYNC,2024-06-29 00:00:00,1,History - HIST
SUMMER 2024,HIST 88,SOUTH ASIAN HIST,BHATTACHARJEE,TWR,11:00am - 12:25pm,ARTS 1349,2024-06-29 00:00:00,1,History - HIST
SUMMER 2024,HIST 99,INTRO TO RESEARCH,T B A,,,T B A,2024-06-29 00:00:00,1,History - HIST
SUMMER 2024,HIST W 121A,RENAISSANCE ITALY,BOULEY B A,,,ON ASYNC,2024-06-29 00:00:00,1,History - HIST
SUMMER 2024,HIST 122,REFORMATION/COUNTER,MEISSNER J M,MTW,3:30pm - 4:55pm,ILP 3101,2024-06-29 00:00:00,1,History - HIST
SUMMER 2024,HIST 133D,NAZI HOLOCAUST,BIRCH A,TWR,9:30 am - 10:55am,ON LINE,2024-06-29 00:00:00,1,History - HIST
SUMMER 2024,HIST 141B,20TH C BRITAIN,KELEHAN K M,TWR,9:30 am - 10:55am,ILP 3107,2024-06-29 00:00:00,1,History - HIST
SUMMER 2024,HIST 142AL,AM LEG CONST HIST,HAIDER J E,TWR,11:00am - 12:25pm,ILP 3103,2024-06-29 00:00:00,1,History - HIST
SUMMER 2024,HIST 179A,NAT AMER TO 1838,LOVELY K R,MTW,2:00pm - 3:25pm,ON LINE,2024-06-29 00:00:00,1,History - HIST
SUMMER 2024,HIST 189E,HIST OF PACIFIC,WANG T J,TWR,11:00am - 12:35pm,ILP 4205,2024-06-29 00:00:00,1,History - HIST
SUMMER 2024,HIST 189M,S ASIAN PUB CULT,ALLADI H S,TWR,2:00pm - 3:25pm,ILP 3312,2024-06-29 00:00:00,1,History - HIST
SUMMER 2024,HIST 199RA,INDEP RESEARCH ASST,T B A,,,T B A,2024-06-29 00:00:00,1,History - HIST
SUMMER 2024,INT 10,TRANS ACADEMIC EXC,ROOSE H M,R,4:00pm - 6:50pm,TD-W 1701,2024-06-29 00:00:00,1,Interdisciplinary - INT
SUMMER 2024,INT 35LT,SHAKESPEARE,"KEARNEY J J, APPEL I J, COBURN H P, SUKUL S",MTWR,12:30pm - 3:20pm,ILP 3310,2024-06-29 00:00:00,1,Interdisciplinary - INT
SUMMER 2024,INT 37UD,UTOPIAN DREAMING,"BOULEY B A, MCHUGH P, KELEHAN K M",MTWR,9:30 am - 11:15am,NH 1109,2024-06-29 00:00:00,1,Interdisciplinary - INT
SUMMER 2024,INT 37VR,RELIGION AND TECH,"STEAVU-BALINT, BLANKHOLM J L, HICKMAN M E",TWR,11:00am - 1:20pm,ILP 3207,2024-06-29 00:00:00,1,Interdisciplinary - INT
SUMMER 2024,INT 86EI,SCITREK,WOODS V E,T R,3:00pm - 4:20pm,ILP 2207,2024-06-29 00:00:00,1,Interdisciplinary - INT
SUMMER 2024,INT 90M,RES/PROF DEV MCNAIR,CHAVEZ-GARCIA,T,9:30 am - 11:00am,477 115,2024-06-29 00:00:00,1,Interdisciplinary - INT
SUMMER 2024,INT 90M,RES/PROF DEV MCNAIR,CHAVEZ-GARCIA,M,9:30 am - 11:00am,477 115,2024-06-29 00:00:00,1,Interdisciplinary - INT
SUMMER 2024,INT W 188C,TRNSFR SEM: COMM,"GONZALES A L, GONZALES C E",,,ON ASYNC,2024-06-29 00:00:00,1,Interdisciplinary - INT
SUMMER 2024,INT W 188E,TRNSFR STRT: ECON,"HARTMAN J L, AMARAL DE CAS",,,ON ASYNC,2024-06-29 00:00:00,1,Interdisciplinary - INT
SUMMER 2024,INT 199H,HONORS INDEP STUD,DOUGLAS P L,,,NO ROOM,2024-06-29 00:00:00,1,Interdisciplinary - INT
SUMMER 2024,ITAL 1,ELEMENTARY ITALIAN,CRICKETTE M E,MTWRF,9:30 am - 11:45am,ON LINE,2024-06-29 00:00:00,1,Italian - ITAL
SUMMER 2024,ITAL 2,ELEMENTARY ITALIAN,DAHL SARNELLI,MTWRF,9:30 am - 11:45am,ON LINE,2024-06-29 00:00:00,1,Italian - ITAL
SUMMER 2024,ITAL 3,ELEMENTARY ITALIAN,MATTEI M,MTWRF,9:30 am - 11:45am,ON LINE,2024-06-29 00:00:00,1,Italian - ITAL
SUMMER 2024,ITAL 20X,ITALIAN CULTURE,PADULA V,TWR,11:00am - 12:20pm,GIRV 1108,2024-06-29 00:00:00,1,Italian - ITAL
SUMMER 2024,ITAL 99RA,INDEPENDEN RESEARCH,T B A,,,T B A,2024-06-29 00:00:00,1,Italian - ITAL
SUMMER 2024,JAPAN 1,FIRST YR JAPANESE I,PIERCE K T,MTWRF,9:00 am - 11:50am,ON LINE,2024-06-29 00:00:00,1,Japanese - JAPAN
SUMMER 2024,JAPAN 2,FIRST YR JAPANESE 2,PIERCE K T,MTWRF,9:00 am - 11:50am,ON LINE,2024-06-29 00:00:00,1,Japanese - JAPAN
SUMMER 2024,JAPAN 3,FIRST YR JAPANESE 3,PIERCE K T,MTWRF,9:00 am - 11:50am,ON LINE,2024-06-29 00:00:00,1,Japanese - JAPAN
SUMMER 2024,JAPAN 165,POP CULTURE JAPAN,CARPINTERI M,,,ON ASYNC,2024-06-29 00:00:00,1,Japanese - JAPAN
SUMMER 2024,KOR 1,FIRST YEAR KOR 1,LEE W A,MTWRF,9:00 am - 11:50am,HSSB 1207,2024-06-29 00:00:00,1,Korean - KOR
SUMMER 2024,KOR 2,FIRST YEAR KOR 2,LEE W A,MTWRF,9:00 am - 11:50am,HSSB 1210,2024-06-29 00:00:00,1,Korean - KOR
SUMMER 2024,KOR 3,FIRST YEAR KOR 3,KIM HAEWON,MTWRF,9:00 am - 11:50am,HSSB 1211,2024-06-29 00:00:00,1,Korean - KOR
SUMMER 2024,LAIS 101,INT HIST & SOC LAIS,BATZ G,TWR,9:30 am - 10:50am,ILP 3105,2024-06-29 00:00:00,1,Latin American and Iberian Studies - LAIS
SUMMER 2024,LAIS 195A,SENIOR HONRS THESIS,T B A,,,T B A,2024-06-29 00:00:00,1,Latin American and Iberian Studies - LAIS
SUMMER 2024,LAIS 195B,SENIOR HONRS THESIS,T B A,,,T B A,2024-06-29 00:00:00,1,Latin American and Iberian Studies - LAIS
SUMMER 2024,LING W 3C,AC ENGL,TSAI D,,,ON ASYNC,2024-06-29 00:00:00,1,Linguistics - LING
SUMMER 2024,LING W 12,UNIV WRIT FOR MLING,BAKER A D,,,ON ASYNC,2024-06-29 00:00:00,1,Linguistics - LING
SUMMER 2024,LING W 12,UNIV WRIT FOR MLING,KROKHMAL A,,,ON ASYNC,2024-06-29 00:00:00,1,Linguistics - LING
SUMMER 2024,LING W 12,UNIV WRIT FOR MLING,CHAU T C,,,ON ASYNC,2024-06-29 00:00:00,1,Linguistics - LING
SUMMER 2024,LING W 12,UNIV WRIT FOR MLING,WESTMACOTT B,,,ON ASYNC,2024-06-29 00:00:00,1,Linguistics - LING
SUMMER 2024,LING 15,LANG IN LIFE,KENNEDY R A,MTW,2:00pm - 4:50pm,ON LINE,2024-06-29 00:00:00,1,Linguistics - LING
SUMMER 2024,LING 20,LANG & LINGUISTICS,BROWN C E,MTWR,9:30 am - 10:35am,PHELP2516,2024-06-29 00:00:00,1,Linguistics - LING
SUMMER 2024,LING 106,INTRO TO PHONETICS,GORDON M K,TWR,9:30 am - 10:35am,ON LINE,2024-06-29 00:00:00,1,Linguistics - LING
SUMMER 2024,LING 132,"LANG, GEND & SEX",MENDOZA D,MTW,9:30 am - 10:35am,ON LINE,2024-06-29 00:00:00,1,Linguistics - LING
SUMMER 2024,LING 137,FIRST LANG ACQUIS,SCANLON C A,MTW,12:30pm - 1:35pm,ON LINE,2024-06-29 00:00:00,1,Linguistics - LING
SUMMER 2024,LING 147LD,LANG DISORDERS,T B A,T R,5:00pm - 7:05pm,ILP 3207,2024-06-29 00:00:00,1,Linguistics - LING
SUMMER 2024,LING 195B,HONORS THESIS,T B A,,,T B A,2024-06-29 00:00:00,1,Linguistics - LING
SUMMER 2024,LING 195C,HONORS THESIS,T B A,,,T B A,2024-06-29 00:00:00,1,Linguistics - LING
SUMMER 2024,MATH 3A,CALC WITH APPLI 1,HILLEN P K,MTWR,11:00am - 12:05pm,ELLSN2626,2024-06-29 00:00:00,1,Mathematics - MATH
SUMMER 2024,MATH 3A,CALC WITH APPLI 1,REYES M A,MTWRF,9:00 am - 10:10am,PHELP1445,2024-06-29 00:00:00,1,Mathematics - MATH
SUMMER 2024,MATH 3B,CALC WITH APPLI 2,DARE C E,MTWRF,9:00 am - 10:10am,PHELP1444,2024-06-29 00:00:00,1,Mathematics - MATH
SUMMER 2024,MATH 3B,CALC WITH APPLI 2,PARKER M,MTWR,2:00pm - 3:05pm,ELLSN2626,2024-06-29 00:00:00,1,Mathematics - MATH
SUMMER 2024,MATH 4A,LIN ALG W/APPS,KLING T P,MTWR,9:30 am - 10:35am,HSSB 1173,2024-06-29 00:00:00,1,Mathematics - MATH
SUMMER 2024,MATH 4A,LIN ALG W/APPS,MOLANDER M A,MTWR,12:30pm - 1:35pm,PSYCH1902,2024-06-29 00:00:00,1,Mathematics - MATH
SUMMER 2024,MATH 4B,DIFF EQUATIONS,ARREPU P V,MTWR,2:00pm - 3:05pm,HSSB 1173,2024-06-29 00:00:00,1,Mathematics - MATH
SUMMER 2024,MATH 4B,DIFF EQUATIONS,LEE R,MTWR,11:00am - 12:05pm,PSYCH1924,2024-06-29 00:00:00,1,Mathematics - MATH
SUMMER 2024,MATH 6A,VECTOR CALCULUS 1,RICCI F,MTWR,9:30 am - 10:35am,BUCHN1930,2024-06-29 00:00:00,1,Mathematics - MATH
SUMMER 2024,MATH 6A,VECTOR CALCULUS 1,RICCI F,MTWR,3:30pm - 4:35pm,CHEM 1171,2024-06-29 00:00:00,1,Mathematics - MATH
SUMMER 2024,MATH 6B,VECTOR CALCULUS 2,HONG C,MTWR,12:30pm - 1:35pm,HSSB 1173,2024-06-29 00:00:00,1,Mathematics - MATH
SUMMER 2024,MATH 6B,VECTOR CALCULUS 2,NIKOLIC D,MTWR,12:30pm - 1:35pm,HSSB 1173,2024-06-29 00:00:00,1,Mathematics - MATH
SUMMER 2024,MATH 8,TRANS HIGHER MATH,PORTER M J,MTWR,9:30 am - 10:35am,PHELP1440,2024-06-29 00:00:00,1,Mathematics - MATH
SUMMER 2024,MATH 8,TRANS HIGHER MATH,PORTER M J,MTWR,12:30pm - 1:35pm,PHELP1440,2024-06-29 00:00:00,1,Mathematics - MATH
SUMMER 2024,MATH 8,TRANS HIGHER MATH,GAMBHEERA ARA,MTWR,9:30 am - 10:35am,PHELP1440,2024-06-29 00:00:00,1,Mathematics - MATH
SUMMER 2024,MATH 8,TRANS HIGHER MATH,GAMBHEERA ARA,MTWR,12:30pm - 1:35pm,PHELP1440,2024-06-29 00:00:00,1,Mathematics - MATH
SUMMER 2024,MATH 8,TRANS HIGHER MATH,SCHLEY N B,MTWR,2:00pm - 3:05pm,PHELP1440,2024-06-29 00:00:00,1,Mathematics - MATH
SUMMER 2024,MATH 34A,CALC FOR SOCIAL SCI,DIEP-NGUYEN A,MTWR,12:30pm - 1:35pm,SH 1430,2024-06-29 00:00:00,1,Mathematics - MATH
SUMMER 2024,MATH 34A,CALC FOR SOCIAL SCI,SUN C,MTWR,12:30pm - 1:35pm,PHELP1260,2024-06-29 00:00:00,1,Mathematics - MATH
SUMMER 2024,MATH 34B,CALC-SOC & LIFE SCI,LEE J J B,MTWR,12:30pm - 1:35pm,ARTS 1349,2024-06-29 00:00:00,1,Mathematics - MATH
SUMMER 2024,MATH 34B,CALC-SOC & LIFE SCI,KOLT Q T,MTWR,9:30 am - 10:35am,HSSB 1173,2024-06-29 00:00:00,1,Mathematics - MATH
SUMMER 2024,MATH 104A,INTRO NUM ANALYSIS,GONZALEZ N,MTWR,9:00 am - 10:05am,SH 1430,2024-06-29 00:00:00,1,Mathematics - MATH
SUMMER 2024,MATH 104B,NUMERICAL ANALYSIS,SU X,MTWR,9:00 am - 10:05am,PHELP1160,2024-06-29 00:00:00,1,Mathematics - MATH
SUMMER 2024,MATH 104C,ADV NUM ANALYSIS,CENICEROS H,MTWR,9:00 am - 10:05am,ARTS 1356,2024-06-29 00:00:00,1,Mathematics - MATH
SUMMER 2024,MATH 108A,LINEAR ALGEBRA,SCHLEY N B,MTWR,11:00am - 12:05pm,NH 1109,2024-06-29 00:00:00,1,Mathematics - MATH
SUMMER 2024,MATH 108B,LINEAR ALGEBRA,SCHLEY N B,MTWR,11:00am - 12:05pm,ARTS 1349,2024-06-29 00:00:00,1,Mathematics - MATH
SUMMER 2024,MATH 117,METHODS OF ANALYSIS,CASTEELS K L,MTWR,12:30pm - 1:35pm,PHELP2516,2024-06-29 00:00:00,1,Mathematics - MATH
SUMMER 2024,MATH 117,METHODS OF ANALYSIS,ZHAO XIAOLEI,MTWR,3:30pm - 4:35pm,PHELP2516,2024-06-29 00:00:00,1,Mathematics - MATH
SUMMER 2024,MATH 119A,ORD DIFF EQUATIONS,AKEMANN C A,MTWR,2:00pm - 3:05pm,SH 1430,2024-06-29 00:00:00,1,Mathematics - MATH
SUMMER 2024,MATH 119B,CHAO DYN & BIFU THE,LABUTIN D A,MTWR,2:00pm - 3:05pm,SH 1430,2024-06-29 00:00:00,1,Mathematics - MATH
SUMMER 2024,MATH 122A,COMPLEX VARIABLES,SCHLEY N B,MTWR,3:30pm - 4:35pm,ARTS 1356,2024-06-29 00:00:00,1,Mathematics - MATH
SUMMER 2024,MATH 145,INTRO TO TOPOLOGY,GAMBHEERA ARA,MTWR,9:00 am - 10:05am,ARTS 1356,2024-06-29 00:00:00,1,Mathematics - MATH
SUMMER 2024,MATH 147A,INTRO DIFF GEOMETRY,ZHAO XIAOLEI,MTWR,12:30pm - 1:35pm,SH 1430,2024-06-29 00:00:00,1,Mathematics - MATH
SUMMER 2024,MATH 197A,SENIOR THESIS,T B A,,,T B A,2024-06-29 00:00:00,1,Mathematics - MATH
SUMMER 2024,MATH 197B,SENIOR THESIS,T B A,,,T B A,2024-06-29 00:00:00,1,Mathematics - MATH
SUMMER 2024,MATH 199RA,IND RES ASSIST MATH,T B A,,,T B A,2024-06-29 00:00:00,1,Mathematics - MATH
SUMMER 2024,ME 14,STATICS,"BEGLEY M R, MAY P",MTWRF,11:00am - 12:20pm,ENGR21335,2024-06-29 00:00:00,1,Mechanical Engineering - ME
SUMMER 2024,ME 15,STRENGTH-MATERIALS,"BELTZ G, TINIANOV R S",MTWRF,9:00 am - 10:40am,GIRV 2120,2024-06-29 00:00:00,1,Mechanical Engineering - ME
SUMMER 2024,ME W 16,ENGR MECH: DYNAMICS,"MOEHLIS J M, LINNANDER M P",F,11:00am - 12:20pm,ON LINE,2024-06-29 00:00:00,1,Mechanical Engineering - ME
SUMMER 2024,ME 17,MATH OF ENGR,"GIBOU F G, RAJABI F",MTWR,12:30pm - 1:50pm,ON LINE,2024-06-29 00:00:00,1,Mechanical Engineering - ME
SUMMER 2024,ME 95,INTRO TO MECH ENGR,T B A,,,T B A,2024-06-29 00:00:00,1,Mechanical Engineering - ME
SUMMER 2024,ME 97,DESIGN PROJECTS,T B A,,,T B A,2024-06-29 00:00:00,1,Mechanical Engineering - ME
SUMMER 2024,ME 99,INTRO RESEARCH,T B A,,,T B A,2024-06-29 00:00:00,1,Mechanical Engineering - ME
SUMMER 2024,ME 197,IND STUDIES DESIGN,T B A,,,T B A,2024-06-29 00:00:00,1,Mechanical Engineering - ME
SUMMER 2024,ME 199,INDEP STUDIES IN ME,T B A,,,T B A,2024-06-29 00:00:00,1,Mechanical Engineering - ME
SUMMER 2024,MAT 10,INTRO MEDIA ARTS,NOVAK M J,MT R,11:00am - 12:20pm,ILP 2207,2024-06-29 00:00:00,1,Media Arts and Technology - MAT
SUMMER 2024,MAT 110CF,MAD CONCEPTS,FLATLEY D J,TWR,3:30pm - 4:55pm,NH 1111,2024-06-29 00:00:00,1,Media Arts and Technology - MAT
SUMMER 2024,MAT 111AU,AUDIO ENG & DESIGN,SIBLEY-SCHWAR,TWR,11:00am - 12:25pm,ILP 3105,2024-06-29 00:00:00,1,Media Arts and Technology - MAT
SUMMER 2024,MAT 111FS,MAD SKILLS FS,PATERAKIS I N,TWR,12:30pm - 1:55pm,ILP 3107,2024-06-29 00:00:00,1,Media Arts and Technology - MAT
SUMMER 2024,MAT 111PF,PROTOTYPE-FABRICATE,MANOUDAKI N,T R,9:30 am - 10:50am,ILP 3205,2024-06-29 00:00:00,1,Media Arts and Technology - MAT
SUMMER 2024,MAT 111WN,WEB NARRATIVES,XIAO S,TWR,2:00pm - 3:20pm,ILP 3211,2024-06-29 00:00:00,1,Media Arts and Technology - MAT
SUMMER 2024,MAT 189,MAD CAPSTONE,YERKES K M,T R,9:30 am - 10:35am,ILP 3205,2024-06-29 00:00:00,1,Media Arts and Technology - MAT
SUMMER 2024,MCDB 1A,INTRO BIOLOGY I,TAYLER I M,MTWR,9:30 am - 10:55am,ILP 1302,2024-06-29 00:00:00,1,"Molecular, Cellular & Develop. Biology - MCDB"
SUMMER 2024,MCDB 1AZ,SELECT TOPICS 1A,TAYLER I M,MTWR,9:30 am - 10:55am,ILP 1302,2024-06-29 00:00:00,1,"Molecular, Cellular & Develop. Biology - MCDB"
SUMMER 2024,MCDB 1B,INTRO BIOLOGY II--P,LOW S H,MTW,12:30pm - 1:55pm,CHEM 1179,2024-06-29 00:00:00,1,"Molecular, Cellular & Develop. Biology - MCDB"
SUMMER 2024,MCDB 1BZ,SELECT TOPICS 1B,LOW S H,MTW,12:30pm - 1:55pm,CHEM 1179,2024-06-29 00:00:00,1,"Molecular, Cellular & Develop. Biology - MCDB"
SUMMER 2024,MCDB 1LL,INTRO BIOLOGY LAB I,"NGUYEN A T, FINKELSTEIN R",T,3:30pm - 6:20pm,BSIF 2211,2024-06-29 00:00:00,1,"Molecular, Cellular & Develop. Biology - MCDB"
SUMMER 2024,MCDB 1LL,INTRO BIOLOGY LAB I,"NGUYEN A T, FINKELSTEIN R",T,3:30pm - 6:20pm,BSIF 2112,2024-06-29 00:00:00,1,"Molecular, Cellular & Develop. Biology - MCDB"
SUMMER 2024,MCDB 1LL,INTRO BIOLOGY LAB I,"NGUYEN A T, FINKELSTEIN R",T,6:30pm - 9:20pm,BSIF 2211,2024-06-29 00:00:00,1,"Molecular, Cellular & Develop. Biology - MCDB"
SUMMER 2024,MCDB 1LL,INTRO BIOLOGY LAB I,"NGUYEN A T, FINKELSTEIN R",T,6:30pm - 9:20pm,BSIF 2112,2024-06-29 00:00:00,1,"Molecular, Cellular & Develop. Biology - MCDB"
SUMMER 2024,MCDB 1LL,INTRO BIOLOGY LAB I,"NGUYEN A T, FINKELSTEIN R",W,3:30pm - 6:20pm,BSIF 2211,2024-06-29 00:00:00,1,"Molecular, Cellular & Develop. Biology - MCDB"
SUMMER 2024,MCDB 1LL,INTRO BIOLOGY LAB I,"NGUYEN A T, FINKELSTEIN R",W,3:30pm - 6:20pm,BSIF 2112,2024-06-29 00:00:00,1,"Molecular, Cellular & Develop. Biology - MCDB"
SUMMER 2024,MCDB 1LL,INTRO BIOLOGY LAB I,"NGUYEN A T, FINKELSTEIN R",W,6:30pm - 9:20pm,BSIF 2211,2024-06-29 00:00:00,1,"Molecular, Cellular & Develop. Biology - MCDB"
SUMMER 2024,MCDB 6,MOL CELL BRAIN SCI,AZARENKO O,MTWR,9:30 am - 10:55am,ILP 1101,2024-06-29 00:00:00,1,"Molecular, Cellular & Develop. Biology - MCDB"
SUMMER 2024,MCDB 99,INTRO TO RESEARCH,T B A,,,T B A,2024-06-29 00:00:00,1,"Molecular, Cellular & Develop. Biology - MCDB"
SUMMER 2024,MCDB 101A,MOLEC. GENETICS I,THROWER D A,MTWR,9:30 am - 10:35am,ON LINE,2024-06-29 00:00:00,1,"Molecular, Cellular & Develop. Biology - MCDB"
SUMMER 2024,MCDB 101B,MOLEC GENETICS II,JOSHI P M,MTWR,9:30 am - 10:35am,BUCHN1930,2024-06-29 00:00:00,1,"Molecular, Cellular & Develop. Biology - MCDB"
SUMMER 2024,MCDB 108A,BIOCHEM STRUCT/FUNC,CALKINS E R,MTWR,12:30pm - 1:35pm,PSYCH1902,2024-06-29 00:00:00,1,"Molecular, Cellular & Develop. Biology - MCDB"
SUMMER 2024,MCDB 108B,BIOCHEM ENZ/METAB,LEW G J,MTWR,11:00am - 12:05pm,LSB 1001,2024-06-29 00:00:00,1,"Molecular, Cellular & Develop. Biology - MCDB"
SUMMER 2024,MCDB 109L,LAB IN BIOCHEMISTRY,LEW G J,TWRF,9:00 am - 1:30pm,BSIF 2239,2024-06-29 00:00:00,1,"Molecular, Cellular & Develop. Biology - MCDB"
SUMMER 2024,MCDB W 111,HUMAN PHYSIOLOGY,THROWER D A,MTW,12:30pm - 1:55pm,ON LINE,2024-06-29 00:00:00,1,"Molecular, Cellular & Develop. Biology - MCDB"
SUMMER 2024,MCDB 183,TEACHING ASSISTANCE,T B A,,,T B A,2024-06-29 00:00:00,1,"Molecular, Cellular & Develop. Biology - MCDB"
SUMMER 2024,MCDB 192,SPECIAL TOPICS,T B A,,,T B A,2024-06-29 00:00:00,1,"Molecular, Cellular & Develop. Biology - MCDB"
SUMMER 2024,MCDB 197,DIRECTED STUDIES,T B A,,,T B A,2024-06-29 00:00:00,1,"Molecular, Cellular & Develop. Biology - MCDB"
SUMMER 2024,MCDB 198,DIRECTED READINGS,T B A,,,T B A,2024-06-29 00:00:00,1,"Molecular, Cellular & Develop. Biology - MCDB"
SUMMER 2024,MUS 11,FUNDAMENTALS OF MUS,TA T B,MTWR,9:30 am - 10:50am,387 1011,2024-06-29 00:00:00,1,Music - MUS
SUMMER 2024,MUS 11,FUNDAMENTALS OF MUS,MASON-NGUYEN,MTWR,12:30pm - 1:50pm,387 1011,2024-06-29 00:00:00,1,Music - MUS
SUMMER 2024,MUS 15,MUSIC APPRECIATION,COBB N A,MTWR,12:30pm - 1:35pm,BRDA 1640,2024-06-29 00:00:00,1,Music - MUS
SUMMER 2024,MUS 15,MUSIC APPRECIATION,STUSSY C,MTWR,9:30 am - 10:35am,ILP 1101,2024-06-29 00:00:00,1,Music - MUS
SUMMER 2024,MUS 16,LISTENING TO JAZZ,NATHAN J S,MTWR,11:00am - 12:05pm,387 1015,2024-06-29 00:00:00,1,Music - MUS
SUMMER 2024,MUS 114,MUSIC & POP CULTURE,MALVINNI D,MTWR,2:00pm - 3:05pm,387 1011,2024-06-29 00:00:00,1,Music - MUS
SUMMER 2024,PHIL 1,SHORT INTRO TO PHIL,LI YUCHEN,TWR,11:00am - 12:20pm,PSYCH1902,2024-06-29 00:00:00,1,Philosophy - PHIL
SUMMER 2024,PHIL 3,CRITICAL THINKING,TISI F,MTWR,9:30 am - 10:35am,ON LINE,2024-06-29 00:00:00,1,Philosophy - PHIL
SUMMER 2024,PHIL 4,INTRO ETHICS,GREEN E J,TWR,11:00am - 12:20pm,HSSB 1173,2024-06-29 00:00:00,1,Philosophy - PHIL
SUMMER 2024,PHIL 4,INTRO ETHICS,GONTARYUK K,TWR,11:00am - 12:20pm,PSYCH1902,2024-06-29 00:00:00,1,Philosophy - PHIL
SUMMER 2024,PHIL 7,BIO-MED ETHICS,FU Y,M W F,12:30pm - 1:50pm,ON LINE,2024-06-29 00:00:00,1,Philosophy - PHIL
SUMMER 2024,PHIL 100A,ETHICS,CANET S H,TWR,8:00 am - 9:20 am,ARTS 1353,2024-06-29 00:00:00,1,Philosophy - PHIL
SUMMER 2024,PHIL 100B,THEORY OF KNOWLEDGE,LAMB R C,TWR,11:00am - 12:20pm,ARTS 1353,2024-06-29 00:00:00,1,Philosophy - PHIL
SUMMER 2024,PHIL 100F,INTRO PHIL SCIENCE,CHARRY J D,TWR,11:00am - 12:20pm,ARTS 1356,2024-06-29 00:00:00,1,Philosophy - PHIL
SUMMER 2024,PHIL 141,HIST ETHICS,NORTON P R,M W F,12:30pm - 1:50pm,ARTS 1356,2024-06-29 00:00:00,1,Philosophy - PHIL
SUMMER 2024,PHIL 145,PUNISHMENT & RESPON,NEIDLINGER J,TWR,3:30pm - 4:50pm,ARTS 1349,2024-06-29 00:00:00,1,Philosophy - PHIL
SUMMER 2024,PHIL 183,BEGIN MODERN LOGIC,DYCK K V,M W F,3:30pm - 4:50pm,ON LINE,2024-06-29 00:00:00,1,Philosophy - PHIL
SUMMER 2024,PHYS 6A,INTRODUCTORY PHYSIC,FREUND E G,MTW,9:30 am - 10:50am,ON LINE,2024-06-29 00:00:00,1,Physics - PHYS
SUMMER 2024,PHYS 6AL,INTRO EXPER PHYSICS,"POPESCU P F, MAZIN B A, BRICKNER S E",T,2:00pm - 3:50pm,ON LINE,2024-06-29 00:00:00,1,Physics - PHYS
SUMMER 2024,PHYS 6AL,INTRO EXPER PHYSICS,"POPESCU P F, MAZIN B A, MAJUMDER U",T,4:00pm - 5:50pm,ON LINE,2024-06-29 00:00:00,1,Physics - PHYS
SUMMER 2024,PHYS 6AL,INTRO EXPER PHYSICS,"POPESCU P F, MAZIN B A, MAJUMDER U",T,6:00pm - 7:50pm,ON LINE,2024-06-29 00:00:00,1,Physics - PHYS
SUMMER 2024,PHYS 6AL,INTRO EXPER PHYSICS,"POPESCU P F, MAZIN B A, SALAMI M I",W,2:00pm - 3:50pm,ON LINE,2024-06-29 00:00:00,1,Physics - PHYS
SUMMER 2024,PHYS 6AL,INTRO EXPER PHYSICS,"POPESCU P F, MAZIN B A, BRICKNER S E",W,4:00pm - 5:50pm,ON LINE,2024-06-29 00:00:00,1,Physics - PHYS
SUMMER 2024,PHYS 6AL,INTRO EXPER PHYSICS,"POPESCU P F, MAZIN B A, XIAO S",W,6:00pm - 7:50pm,ON LINE,2024-06-29 00:00:00,1,Physics - PHYS
SUMMER 2024,PHYS 6AL,INTRO EXPER PHYSICS,"POPESCU P F, MAZIN B A, SALAMI M I",R,2:00pm - 3:50pm,ON LINE,2024-06-29 00:00:00,1,Physics - PHYS
SUMMER 2024,PHYS 6AL,INTRO EXPER PHYSICS,"POPESCU P F, MAZIN B A, XIAO S",R,4:00pm - 5:50pm,ON LINE,2024-06-29 00:00:00,1,Physics - PHYS
SUMMER 2024,PHYS 6AL,INTRO EXPER PHYSICS,"POPESCU P F, MAZIN B A, LYONS J B",M,2:00pm - 3:50pm,ON LINE,2024-06-29 00:00:00,1,Physics - PHYS
SUMMER 2024,PHYS 6AL,INTRO EXPER PHYSICS,"POPESCU P F, MAZIN B A, LYONS J B",M,4:00pm - 5:50pm,ON LINE,2024-06-29 00:00:00,1,Physics - PHYS
SUMMER 2024,PHYS 6B,INTRODUCTORY PHYSIC,FREUND E G,MTW,11:00am - 12:20pm,ON LINE,2024-06-29 00:00:00,1,Physics - PHYS
SUMMER 2024,PHYS 6BL,INTRO EXPER PHYSICS,"POPESCU P F, MAZIN B A",T,2:00pm - 3:50pm,ON LINE,2024-06-29 00:00:00,1,Physics - PHYS
SUMMER 2024,PHYS 6BL,INTRO EXPER PHYSICS,"POPESCU P F, MAZIN B A",T,4:00pm - 5:50pm,ON LINE,2024-06-29 00:00:00,1,Physics - PHYS
SUMMER 2024,PHYS 6BL,INTRO EXPER PHYSICS,"POPESCU P F, MAZIN B A",T,6:00pm - 7:50pm,ON LINE,2024-06-29 00:00:00,1,Physics - PHYS
SUMMER 2024,PHYS 6BL,INTRO EXPER PHYSICS,"POPESCU P F, MAZIN B A",W,2:00pm - 3:50pm,ON LINE,2024-06-29 00:00:00,1,Physics - PHYS
SUMMER 2024,PHYS 6BL,INTRO EXPER PHYSICS,"POPESCU P F, MAZIN B A",W,4:00pm - 5:50pm,ON LINE,2024-06-29 00:00:00,1,Physics - PHYS
SUMMER 2024,PHYS 6BL,INTRO EXPER PHYSICS,"POPESCU P F, MAZIN B A",W,6:00pm - 7:50pm,ON LINE,2024-06-29 00:00:00,1,Physics - PHYS
SUMMER 2024,PHYS 6BL,INTRO EXPER PHYSICS,"POPESCU P F, MAZIN B A",R,2:00pm - 3:50pm,ON LINE,2024-06-29 00:00:00,1,Physics - PHYS
SUMMER 2024,PHYS 6BL,INTRO EXPER PHYSICS,"POPESCU P F, MAZIN B A",M,2:00pm - 3:50pm,ON LINE,2024-06-29 00:00:00,1,Physics - PHYS
SUMMER 2024,PHYS 6BL,INTRO EXPER PHYSICS,"POPESCU P F, MAZIN B A",M,4:00pm - 5:50pm,ON LINE,2024-06-29 00:00:00,1,Physics - PHYS
SUMMER 2024,PHYS 6C,INTRODUCTORY PHYSIC,FREUND E G,MTW,11:00am - 12:20pm,ON LINE,2024-06-29 00:00:00,1,Physics - PHYS
SUMMER 2024,PHYS 6CL,INTRO EXPER PHYSICS,"POPESCU P F, MAZIN B A, XIAO S",T,1:00pm - 2:50pm,ON LINE,2024-06-29 00:00:00,1,Physics - PHYS
SUMMER 2024,PHYS 6CL,INTRO EXPER PHYSICS,"POPESCU P F, MAZIN B A, BYSTRICKY J",T,3:00pm - 4:50pm,ON LINE,2024-06-29 00:00:00,1,Physics - PHYS
SUMMER 2024,PHYS 6CL,INTRO EXPER PHYSICS,"POPESCU P F, MAZIN B A, LLOYD P T",T,5:00pm - 6:50pm,ON LINE,2024-06-29 00:00:00,1,Physics - PHYS
SUMMER 2024,PHYS 6CL,INTRO EXPER PHYSICS,"POPESCU P F, MAZIN B A, XIAO S",W,1:00pm - 2:50pm,ON LINE,2024-06-29 00:00:00,1,Physics - PHYS
SUMMER 2024,PHYS 6CL,INTRO EXPER PHYSICS,"POPESCU P F, MAZIN B A, BYSTRICKY J",W,3:00pm - 4:50pm,ON LINE,2024-06-29 00:00:00,1,Physics - PHYS
SUMMER 2024,PHYS 6CL,INTRO EXPER PHYSICS,"POPESCU P F, MAZIN B A, LLOYD P T",W,5:00pm - 6:50pm,ON LINE,2024-06-29 00:00:00,1,Physics - PHYS
SUMMER 2024,PHYS 6CL,INTRO EXPER PHYSICS,"POPESCU P F, MAZIN B A, CHOQUER M",R,2:00pm - 3:50pm,ON LINE,2024-06-29 00:00:00,1,Physics - PHYS
SUMMER 2024,PHYS 6CL,INTRO EXPER PHYSICS,"POPESCU P F, MAZIN B A, BYSTRICKY J",M,4:00pm - 5:50pm,ON LINE,2024-06-29 00:00:00,1,Physics - PHYS
SUMMER 2024,PHYS 6CL,INTRO EXPER PHYSICS,"POPESCU P F, MAZIN B A, CHOQUER M",M,2:00pm - 3:50pm,ON LINE,2024-06-29 00:00:00,1,Physics - PHYS
SUMMER 2024,PHYS 7A,BASIC PHYSICS,POPESCU P F,MTW,9:30 am - 10:50am,ON LINE,2024-06-29 00:00:00,1,Physics - PHYS
SUMMER 2024,PHYS 7B,BASIC PHYSICS,POPESCU P F,MTW,9:30 am - 10:50am,ON LINE,2024-06-29 00:00:00,1,Physics - PHYS
SUMMER 2024,PHYS 23,GEN PHYS,BIBILASHVILI,MTW,11:00am - 12:20pm,BRDA 1640,2024-06-29 00:00:00,1,Physics - PHYS
SUMMER 2024,PHYS 98,READING IN PHYSICS,T B A,,,T B A,2024-06-29 00:00:00,1,Physics - PHYS
SUMMER 2024,PHYS 99,RESEARCH IN PHYSICS,T B A,,,T B A,2024-06-29 00:00:00,1,Physics - PHYS
SUMMER 2024,PHYS 100A,METHODS THEOR PHYS,POPESCU P F,MTW,11:00am - 12:20pm,WEBB 1100,2024-06-29 00:00:00,1,Physics - PHYS
SUMMER 2024,PHYS 103,INT MECH & SPEC REL,BANTA I C,MTW,11:00am - 12:20pm,BUCHN1930,2024-06-29 00:00:00,1,Physics - PHYS
SUMMER 2024,PHYS 104,ADVANCED MECHANICS,BIBILASHVILI,MTW,1:00pm - 2:20pm,PHELP3505,2024-06-29 00:00:00,1,Physics - PHYS
SUMMER 2024,PHYS 110A,ELECTROMAGNETISM,BANTA I C,MTW,1:00pm - 2:20pm,PHELP1160,2024-06-29 00:00:00,1,Physics - PHYS
SUMMER 2024,PHYS 115A,QUANTUM MECHANICS,POPESCU P F,MTW,2:00pm - 3:20pm,ARTS 1353,2024-06-29 00:00:00,1,Physics - PHYS
SUMMER 2024,PHYS 128AL,ADVANCED LAB,"LIPMAN E A, ABRIL VALENZU, PATTERSON C L, VYLET K E",MTW,1:00pm - 5:50pm,BRDA 3223,2024-06-29 00:00:00,1,Physics - PHYS
SUMMER 2024,PHYS 129L,INTRO SCI COMP,LIPMAN E A,MTW,9:30 am - 10:50am,SSMS 1303,2024-06-29 00:00:00,1,Physics - PHYS
SUMMER 2024,PHYS 142L,COND MATTER LAB,T B A,,,T B A,2024-06-29 00:00:00,1,Physics - PHYS
SUMMER 2024,PHYS 143L,PARTICLE PHYS LAB,T B A,,,T B A,2024-06-29 00:00:00,1,Physics - PHYS
SUMMER 2024,PHYS 144L,BIOPHYSICS LAB,T B A,,,T B A,2024-06-29 00:00:00,1,Physics - PHYS
SUMMER 2024,PHYS 145L,EXP RES IN ASTROPHY,T B A,,,T B A,2024-06-29 00:00:00,1,Physics - PHYS
SUMMER 2024,PHYS 198,DIRECTED READING,T B A,,,T B A,2024-06-29 00:00:00,1,Physics - PHYS
SUMMER 2024,PHYS 199,RESEARCH IN PHYSICS,T B A,,,T B A,2024-06-29 00:00:00,1,Physics - PHYS
SUMMER 2024,POL S 1,INTRO TO POL PHIL,DAVIES M E,MTWR,9:30 am - 10:35am,TD-W 2600,2024-06-29 00:00:00,1,Political Science - POL S
SUMMER 2024,POL S 6,INTRO COMP POLITICS,TRUMMEL T,MTWR,11:00am - 12:05pm,PHELP3505,2024-06-29 00:00:00,1,Political Science - POL S
SUMMER 2024,POL S 7,INTRO TO IR,GAMARNIK D,MTWR,12:30pm - 1:35pm,PHELP2516,2024-06-29 00:00:00,1,Political Science - POL S
SUMMER 2024,POL S 99,INTRO TO RESEARCH,T B A,,,T B A,2024-06-29 00:00:00,1,Political Science - POL S
SUMMER 2024,POL S 101,MEXICAN POLITICS,MORENO PLASCE,MTWR,2:00pm - 3:05pm,ILP 3101,2024-06-29 00:00:00,1,Political Science - POL S
SUMMER 2024,POL S 124,INT'L ORGANIZATIONS,MONJAURY M,MTWR,9:30 am - 10:35am,ILP 3101,2024-06-29 00:00:00,1,Political Science - POL S
SUMMER 2024,POL S 145,EUROPEAN UNION,TSOULOUFAS G,MTWR,12:30pm - 1:35pm,ILP 3101,2024-06-29 00:00:00,1,Political Science - POL S
SUMMER 2024,POL S 146,GLOBAL & POLITICS,MOOSBRUGGER L,MTWR,11:00am - 12:05pm,ILP 3211,2024-06-29 00:00:00,1,Political Science - POL S
SUMMER 2024,POL S 186,INTRO INTL POL ECON,ROCHAT M J,MTWR,5:00pm - 6:05pm,ILP 3101,2024-06-29 00:00:00,1,Political Science - POL S
SUMMER 2024,POL S 192,FIELD RES POL SCI,T B A,,,T B A,2024-06-29 00:00:00,1,Political Science - POL S
SUMMER 2024,POL S 199RA,INDEP RESEARCH ASST,T B A,,,T B A,2024-06-29 00:00:00,1,Political Science - POL S
SUMMER 2024,PORT 195,SEN HONORS IND RES,T B A,,,T B A,2024-06-29 00:00:00,1,Portuguese - PORT
SUMMER 2024,PSY W 1,INTRO TO PSYCH,"WOODS V E, ALBADA N A, GERMAN T C M",,,ON ASYNC,2024-06-29 00:00:00,1,Psychology - PSY
SUMMER 2024,PSY 10A,RESEARCH METHODS,LI L J,MTW,11:00am - 12:25pm,PSYCH1924,2024-06-29 00:00:00,1,Psychology - PSY
SUMMER 2024,PSY 10A,RESEARCH METHODS,FEASEL S H,MTW,9:30 am - 10:55am,TD-W 1701,2024-06-29 00:00:00,1,Psychology - PSY
SUMMER 2024,PSY 10B,STATISTICS,SALEM R M,MTW,11:00am - 12:25pm,NH 1006,2024-06-29 00:00:00,1,Psychology - PSY
SUMMER 2024,PSY 10B,STATISTICS,ZANG L,MTW,9:30 am - 10:55am,BUCHN1940,2024-06-29 00:00:00,1,Psychology - PSY
SUMMER 2024,PSY 98,READINGS IN PBS,T B A,,,T B A,2024-06-29 00:00:00,1,Psychology - PSY
SUMMER 2024,PSY 99,RESEARCH IN PBS,T B A,,,T B A,2024-06-29 00:00:00,1,Psychology - PSY
SUMMER 2024,PSY 99P,RESEARCH IN PBS,T B A,,,T B A,2024-06-29 00:00:00,1,Psychology - PSY
SUMMER 2024,PSY 102,SOCIAL PSYCHOLOGY,QUINN E A,MTW,12:30pm - 1:55pm,WEBB 1100,2024-06-29 00:00:00,1,Psychology - PSY
SUMMER 2024,PSY 102,SOCIAL PSYCHOLOGY,MA BON DE SOU,MTW,12:30pm - 1:55pm,HSSB 1174,2024-06-29 00:00:00,1,Psychology - PSY
SUMMER 2024,PSY 105,DEVELOPMENTAL PSYCH,T B A,MTW,11:00am - 12:25pm,PHELP1260,2024-06-29 00:00:00,1,Psychology - PSY
SUMMER 2024,PSY 105,DEVELOPMENTAL PSYCH,IMMEL B A,MTW,11:00am - 12:25pm,WEBB 1100,2024-06-29 00:00:00,1,Psychology - PSY
SUMMER 2024,PSY 106,INTRO BIOPSYCH,PETERSON S,MTW,2:00pm - 3:25pm,PSYCH1924,2024-06-29 00:00:00,1,Psychology - PSY
SUMMER 2024,PSY 108,COGNITIVE PSYCHOLOG,T B A,M W,11:00am - 1:05pm,BUCHN1930,2024-06-29 00:00:00,1,Psychology - PSY
SUMMER 2024,PSY 111,BEHAVIORAL NEURO.,ZIMET M J,MTW,9:30 am - 10:55am,PSYCH1924,2024-06-29 00:00:00,1,Psychology - PSY
SUMMER 2024,PSY 116,PERC. OF LEARNING,MAHERAS A L,MTW,11:00am - 12:25pm,PHELP1160,2024-06-29 00:00:00,1,Psychology - PSY
SUMMER 2024,PSY 120L,LAB IN ADV RESEARCH,CARTER D B,M,11:00am - 1:30pm,GIRV 1116,2024-06-29 00:00:00,1,Psychology - PSY
SUMMER 2024,PSY 124,EDUCATIONAL PSYCH,HOERBERG D L,MTW,12:30pm - 1:55pm,NH 1105,2024-06-29 00:00:00,1,Psychology - PSY
SUMMER 2024,PSY 133,PSYCHOPHARMACOLOGY,SCUDDER S L,MTW,11:00am - 12:25pm,ILP 1101,2024-06-29 00:00:00,1,Psychology - PSY
SUMMER 2024,PSY 148,SELF AND IDENTITY,KLEIN S B,T R,3:30pm - 5:35pm,PSYCH1902,2024-06-29 00:00:00,1,Psychology - PSY
SUMMER 2024,PSY 160DW,PSY. MEDIA & CHILD.,WEBER R,MTW,9:30 am - 12:20pm,ILP 2209,2024-06-29 00:00:00,1,Psychology - PSY
SUMMER 2024,PSY 160SK,SPEC TOPICS PSYCH,KLEIN S B,T R,3:30pm - 5:35pm,PSYCH1902,2024-06-29 00:00:00,1,Psychology - PSY
SUMMER 2024,PSY 183,PSYCHOPATHOLOGY,HOERBERG D L,M W,11:00am - 1:05pm,TD-W 1701,2024-06-29 00:00:00,1,Psychology - PSY
SUMMER 2024,PSY 197A,HONORS RESEARCH,T B A,,,T B A,2024-06-29 00:00:00,1,Psychology - PSY
SUMMER 2024,PSY 197B,HONORS RESEARCH,T B A,,,T B A,2024-06-29 00:00:00,1,Psychology - PSY
SUMMER 2024,PSY 197C,HONORS RESEARCH,T B A,,,T B A,2024-06-29 00:00:00,1,Psychology - PSY
SUMMER 2024,PSY 198,READINGS IN PBS,T B A,,,T B A,2024-06-29 00:00:00,1,Psychology - PSY
SUMMER 2024,PSY 199,RESEARCH IN PBS,T B A,,,T B A,2024-06-29 00:00:00,1,Psychology - PSY
SUMMER 2024,PSY 199P,RESEARCH IN PBS,T B A,,,T B A,2024-06-29 00:00:00,1,Psychology - PSY
SUMMER 2024,RG ST 1,INTROD TO STUDY REL,BRAUNSTEIN E,TWR,12:00pm - 1:50pm,ILP 3314,2024-06-29 00:00:00,1,Religious Studies - RG ST
SUMMER 2024,RG ST 3,ASIAN RELIG TRADS,GODDARD E L,TWR,11:00am - 12:50pm,ILP 3316,2024-06-29 00:00:00,1,Religious Studies - RG ST
SUMMER 2024,RG ST 4,INTRO TO BUDDHISM,"GODDARD E L, BAOAGUDAMU U",TWR,2:00pm - 3:50pm,PHELP1444,2024-06-29 00:00:00,1,Religious Studies - RG ST
SUMMER 2024,RG ST 4,INTRO TO BUDDHISM,STEAVU-BALINT,TWR,2:00pm - 3:50pm,PHELP1444,2024-06-29 00:00:00,1,Religious Studies - RG ST
SUMMER 2024,RG ST 7,INTRO TO AMER RELIG,TORIBIO S G,MTW,12:00pm - 1:50pm,ILP 3205,2024-06-29 00:00:00,1,Religious Studies - RG ST
SUMMER 2024,RG ST 21,ZEN BUDDHISM,KAPLAN K H,MTW,5:00pm - 6:50pm,ON LINE,2024-06-29 00:00:00,1,Religious Studies - RG ST
SUMMER 2024,RG ST 106,MOD/SECULARIZATION,CARLSON T A,T R,10:00am - 12:05pm,ILP 3312,2024-06-29 00:00:00,1,Religious Studies - RG ST
SUMMER 2024,RG ST 110,RELIGION & LIT.,BRAUNSTEIN E,TWR,9:00 am - 10:25am,ILP 3207,2024-06-29 00:00:00,1,Religious Studies - RG ST
SUMMER 2024,RG ST 160A,REL TRADITION INDIA,VYAS M M,T R,3:00pm - 5:05pm,ILP 3312,2024-06-29 00:00:00,1,Religious Studies - RG ST
SUMMER 2024,RG ST 195,SR HON RESEARCH,T B A,,,T B A,2024-06-29 00:00:00,1,Religious Studies - RG ST
SUMMER 2024,RG ST 199RA,INDEPEN RES ASST,T B A,,,T B A,2024-06-29 00:00:00,1,Religious Studies - RG ST
SUMMER 2024,SLAV 187,DEVIL IN LIT,STROBEL M,TWR,2:00pm - 3:20pm,ON LINE,2024-06-29 00:00:00,1,Slavic - SLAV
SUMMER 2024,SOC 1,INTRO TO SOCIOLOGY,HAJJAR L,,,ON ASYNC,2024-06-29 00:00:00,1,Sociology - SOC
SUMMER 2024,SOC 1,INTRO TO SOCIOLOGY,FISHER R J,MTWR,2:00pm - 3:05pm,PHELP1260,2024-06-29 00:00:00,1,Sociology - SOC
SUMMER 2024,SOC 10,LOGICS OF INQUIRY,ARENAS VELAZQ,MTW,11:00am - 12:20pm,ON LINE,2024-06-29 00:00:00,1,Sociology - SOC
SUMMER 2024,SOC 91,GROUP EXP LEARNING,T B A,,,T B A,2024-06-29 00:00:00,1,Sociology - SOC
SUMMER 2024,SOC 91,GROUP EXP LEARNING,T B A,,,T B A,2024-06-29 00:00:00,1,Sociology - SOC
SUMMER 2024,SOC 99,INTRO RESEARCH SOC,T B A,,,T B A,2024-06-29 00:00:00,1,Sociology - SOC
SUMMER 2024,SOC 108C,CULTURAL ANALYSIS,BURSTON A S,MTW,11:00am - 12:20pm,GIRV 2112,2024-06-29 00:00:00,1,Sociology - SOC
SUMMER 2024,SOC 108C,CULTURAL ANALYSIS,NGUYEN H-A T,MTW,2:00pm - 3:20pm,NH 1105,2024-06-29 00:00:00,1,Sociology - SOC
SUMMER 2024,SOC 126,URBAN SOCIETY,"KORNBERG D N, LEE A R",MTW,2:00pm - 3:20pm,ON LINE,2024-06-29 00:00:00,1,Sociology - SOC
SUMMER 2024,SOC 128,RACE AND ETHNICITY,"TUROWETZ J, IBARRA J M",MTW,9:30 am - 10:50am,WEBB 1100,2024-06-29 00:00:00,1,Sociology - SOC
SUMMER 2024,SOC 131,POLITICAL SOCIOLOGY,"NIELSEN E S, PEREZ T A",MTW,12:30pm - 1:50pm,BIOEN1001,2024-06-29 00:00:00,1,Sociology - SOC
SUMMER 2024,SOC 134,SOCIAL MOVEMENTS,"SALOUR S, NGUYEN H-A T",MTW,3:30pm - 4:50pm,WEBB 1100,2024-06-29 00:00:00,1,Sociology - SOC
SUMMER 2024,SOC 145,SOCIAL INEQUALITIES,"FOX E C, OZDEMIR I",MTW,3:00pm - 4:20pm,ELLSN2617,2024-06-29 00:00:00,1,Sociology - SOC
SUMMER 2024,SOC W 155,SOCIOLOGY OF GENDER,"TAYLOR C J, MALDONADO A",,,ON ASYNC,2024-06-29 00:00:00,1,Sociology - SOC
SUMMER 2024,SOC 164,SOC OF EDUCATION,"RAYMOND E, GOMEZ M D",MTW,11:00am - 12:20pm,ON LINE,2024-06-29 00:00:00,1,Sociology - SOC
SUMMER 2024,SOC 170,SOC DEVIANT BEHAVR,"MARTINEZ A A, PEREZ T A",MTW,11:00am - 12:20pm,BIOEN1001,2024-06-29 00:00:00,1,Sociology - SOC
SUMMER 2024,SOC 185E,INTRO TO ETHNOMETH,"RAYMOND G, ZHENG S",MTW,2:00pm - 3:20pm,ON LINE,2024-06-29 00:00:00,1,Sociology - SOC
SUMMER 2024,SOC 185G,GENDER INEQUALITY,"BRIDGES T S, FANG Y",MTW,9:30 am - 10:50am,TD-W 1701,2024-06-29 00:00:00,1,Sociology - SOC
SUMMER 2024,SOC 190A,GROUP STUDIES,T B A,,,T B A,2024-06-29 00:00:00,1,Sociology - SOC
SUMMER 2024,SOC 190A,GROUP STUDIES,T B A,,,T B A,2024-06-29 00:00:00,1,Sociology - SOC
SUMMER 2024,SOC 191CA,INSTRUCTIONAL LAB,T B A,,,T B A,2024-06-29 00:00:00,1,Sociology - SOC
SUMMER 2024,SOC 198,READINGS IN SOC,T B A,,,T B A,2024-06-29 00:00:00,1,Sociology - SOC
SUMMER 2024,SOC 199RA,IND RESEARCH ASSIST,T B A,,,T B A,2024-06-29 00:00:00,1,Sociology - SOC
SUMMER 2024,SPAN W 1,OL ELEM SPAN I,DEL RAMO ZORN,T,9:30 am - 10:50am,ON LINE,2024-06-29 00:00:00,1,Spanish - SPAN
SUMMER 2024,SPAN W 1,OL ELEM SPAN I,SILVA K E,T,9:30 am - 10:50am,ON LINE,2024-06-29 00:00:00,1,Spanish - SPAN
SUMMER 2024,SPAN W 1,OL ELEM SPAN I,ROMINE J T,T,5:00pm - 6:20pm,ON LINE,2024-06-29 00:00:00,1,Spanish - SPAN
SUMMER 2024,SPAN W 2,OL ELEM SPAN II,AMAYA E C,T,5:00pm - 6:20pm,ON LINE,2024-06-29 00:00:00,1,Spanish - SPAN
SUMMER 2024,SPAN W 2,OL ELEM SPAN II,RAMIREZ B E,T,9:30 am - 10:50am,ON LINE,2024-06-29 00:00:00,1,Spanish - SPAN
SUMMER 2024,SPAN W 2,OL ELEM SPAN II,MOREJON C,T,9:30 am - 10:50am,ON LINE,2024-06-29 00:00:00,1,Spanish - SPAN
SUMMER 2024,SPAN W 3,OL ELEM SPAN III,PAREDES-RIVER,T,9:30 am - 10:50am,ON LINE,2024-06-29 00:00:00,1,Spanish - SPAN
SUMMER 2024,SPAN W 3,OL ELEM SPAN III,MARQUES GARCI,T,9:30 am - 10:50am,ON LINE,2024-06-29 00:00:00,1,Spanish - SPAN
SUMMER 2024,SPAN 126,SPANISH CINEMA,"GRASSET MOREL, CHAVIRA A I",MTW,9:30 am - 10:50am,ON LINE,2024-06-29 00:00:00,1,Spanish - SPAN
SUMMER 2024,SPAN 128,CREATIVE WRITING,"ARAUJO C M, VERA FLANDEZ",TWR,12:30pm - 1:50pm,ON LINE,2024-06-29 00:00:00,1,Spanish - SPAN
SUMMER 2024,SPAN 139,U.S. LATINO LIT.,GUYTON ACOSTA,MTW,12:30pm - 1:50pm,ILP 3103,2024-06-29 00:00:00,1,Spanish - SPAN
SUMMER 2024,SPAN 195,SEN HONORS IND RES,T B A,,,T B A,2024-06-29 00:00:00,1,Spanish - SPAN
SUMMER 2024,PSTAT 5A,UNDERSTANDING DATA,WANG MALLORY,MTWR,8:00 am - 9:20 am,HSSB 1173,2024-06-29 00:00:00,1,Statistics & Applied Probability - PSTAT
SUMMER 2024,PSTAT 5A,UNDERSTANDING DATA,ZHU ZIMO,MTWR,9:30 am - 10:50am,PSYCH1902,2024-06-29 00:00:00,1,Statistics & Applied Probability - PSTAT
SUMMER 2024,PSTAT 5LS,STAT LIFE SCIENCES,MILLER J B,MTWR,8:00 am - 9:20 am,PSYCH1924,2024-06-29 00:00:00,1,Statistics & Applied Probability - PSTAT
SUMMER 2024,PSTAT 8,TRANS DS PROB STAT,PADILLA D Y,MTWR,11:00am - 12:20pm,NH 1105,2024-06-29 00:00:00,1,Statistics & Applied Probability - PSTAT
SUMMER 2024,PSTAT 10,DATA SCIENCE PRINC,STURM I N,MTWR,2:00pm - 3:20pm,BRDA 1640,2024-06-29 00:00:00,1,Statistics & Applied Probability - PSTAT
SUMMER 2024,PSTAT 10,DATA SCIENCE PRINC,INSTON J R,MTWR,12:30pm - 1:50pm,BIOEN1001,2024-06-29 00:00:00,1,Statistics & Applied Probability - PSTAT
SUMMER 2024,PSTAT 115,BAYES DATA ANALYSIS,BARACALDO LAN,MTWR,11:00am - 12:05pm,PHELP2524,2024-06-29 00:00:00,1,Statistics & Applied Probability - PSTAT
SUMMER 2024,PSTAT 120A,PROB & STATISTICS,MILLER J B,MTWR,9:30 am - 10:35am,PSYCH1924,2024-06-29 00:00:00,1,Statistics & Applied Probability - PSTAT
SUMMER 2024,PSTATW 120A,PROB & STATISTICS,PANDEY P,MTWR,12:30pm - 1:35pm,ON LINE,2024-06-29 00:00:00,1,Statistics & Applied Probability - PSTAT
SUMMER 2024,PSTAT 120B,PROB & STATISTICS,MARZBAN E P,MTWR,12:30pm - 1:35pm,ILP 1302,2024-06-29 00:00:00,1,Statistics & Applied Probability - PSTAT
SUMMER 2024,PSTAT 120B,PROB & STATISTICS,GRIGORIAN K,MTWR,5:00pm - 6:05pm,CHEM 1171,2024-06-29 00:00:00,1,Statistics & Applied Probability - PSTAT
SUMMER 2024,PSTAT 120C,PROB & STATISTICS,COBURN K M,MTWR,12:30pm - 1:35pm,ON LINE,2024-06-29 00:00:00,1,Statistics & Applied Probability - PSTAT
SUMMER 2024,PSTAT 126,REGRESSION ANALYSIS,BARACALDO LAN,MTWR,2:00pm - 3:05pm,PSYCH1902,2024-06-29 00:00:00,1,Statistics & Applied Probability - PSTAT
SUMMER 2024,PSTAT 126,REGRESSION ANALYSIS,GRIGORIAN K,MTWR,6:30pm - 7:35pm,HSSB 1174,2024-06-29 00:00:00,1,Statistics & Applied Probability - PSTAT
SUMMER 2024,PSTAT 130,SAS BASE PROGRAM,SWENSON J S,MTWR,8:00 am - 9:50 am,SSMS 1301&,2024-06-29 00:00:00,1,Statistics & Applied Probability - PSTAT
SUMMER 2024,PSTAT 130,SAS BASE PROGRAM,SWENSON J S,MTWR,10:00am - 11:50am,SSMS 1301&,2024-06-29 00:00:00,1,Statistics & Applied Probability - PSTAT
SUMMER 2024,PSTAT 130,SAS BASE PROGRAM,JIN Z,MTWR,8:00 am - 9:50 am,SSMS 1301&,2024-06-29 00:00:00,1,Statistics & Applied Probability - PSTAT
SUMMER 2024,PSTAT 131,STAT MACHINE LEARN,COBURN K M,MTWR,3:30pm - 4:35pm,ON LINE,2024-06-29 00:00:00,1,Statistics & Applied Probability - PSTAT
SUMMER 2024,PSTATW 160A,STOCHASTIC PROCESS,DETERING N,R,2:00pm - 3:05pm,ON LINE,2024-06-29 00:00:00,1,Statistics & Applied Probability - PSTAT
SUMMER 2024,PSTAT 170,INTRO MATH FINANCE,PEDERSEN H W,MTWR,9:30 am - 10:35am,PHELP2524,2024-06-29 00:00:00,1,Statistics & Applied Probability - PSTAT
SUMMER 2024,PSTAT 171,MATH COMPOUND INT,DUNCAN I,MTWR,11:00am - 12:05pm,HSSB 1173,2024-06-29 00:00:00,1,Statistics & Applied Probability - PSTAT
SUMMER 2024,PSTAT 194TR,TRNSFR STRT: SDS,"LUDKOVSKI M, RAVAT U V",T R,11:00am - 12:05pm,ILP 3211,2024-06-29 00:00:00,1,Statistics & Applied Probability - PSTAT
SUMMER 2024,TMP 120,BUSINESS STRATEGY,ZACKRISON E J,MTWR,9:30 am - 10:50am,PHELP2516,2024-06-29 00:00:00,1,Technology Management - TMP
SUMMER 2024,TMP 120,BUSINESS STRATEGY,ZACKRISON E J,MTWR,11:00am - 12:20pm,PHELP2516,2024-06-29 00:00:00,1,Technology Management - TMP
SUMMER 2024,TMP 124,MARKETING,MCNELLIS A,MTWR,11:00am - 12:20pm,PHELP1508,2024-06-29 00:00:00,1,Technology Management - TMP
SUMMER 2024,THTR 2C,PRF GLOB:EUROPE,YOO E,MTWR,2:00pm - 3:20pm,ARTS 1349,2024-06-29 00:00:00,1,Theater - THTR
SUMMER 2024,THTR 5,INTRO TO ACTING,GOMEZ-LABRADA,MTW,2:00pm - 4:20pm,HSSB 1143,2024-06-29 00:00:00,1,Theater - THTR
SUMMER 2024,THTR 5,INTRO TO ACTING,GOMEZ-LABRADA,MTW,2:00pm - 4:20pm,HSSB 1143,2024-06-29 00:00:00,1,Theater - THTR
SUMMER 2024,THTR W 19,DESIGN DANCE/THEATR,SCOTT V,,,ON ASYNC,2024-06-29 00:00:00,1,Theater - THTR
SUMMER 2024,THTR 43,THE PEOPLE'S VOICE,MORGAN M,TWRF,1:00pm - 4:45pm,ON LINE,2024-06-29 00:00:00,1,Theater - THTR
SUMMER 2024,THTR 49,THEATER WORKSHOP,T B A,,,T B A,2024-06-29 00:00:00,1,Theater - THTR
SUMMER 2024,THTR 143,PEOPLE'S VOICE,MORGAN M,TWRF,1:00pm - 4:45pm,ON LINE,2024-06-29 00:00:00,1,Theater - THTR
SUMMER 2024,THTR 144A,SHAKESPEARE PROD,APPEL I J,MTWRF,3:30pm - 7:30pm,TD-E 1101,2024-06-29 00:00:00,1,Theater - THTR
SUMMER 2024,THTR 144B,SHAKESPEARE PROD,APPEL I J,MTWRF,3:30pm - 7:30pm,TD-E 1101,2024-06-29 00:00:00,1,Theater - THTR
SUMMER 2024,THTR 149,THEATRE WORKSHOP,T B A,,,T B A,2024-06-29 00:00:00,1,Theater - THTR
SUMMER 2024,THTR 194A,GRP STD: ACT/DIRECT,LENZI DE ALME,MTWRF,10:00am - 12:50pm,TD-W 1507,2024-06-29 00:00:00,1,Theater - THTR
SUMMER 2024,WRIT 1,APP TO UNIV WRIT,CHENOWETH R C,MTWR,1:00pm - 2:25pm,SH 1609,2024-06-29 00:00:00,1,Writing - WRIT
SUMMER 2024,WRIT 1,APP TO UNIV WRIT,CHENOWETH R C,MTWR,3:30pm - 4:55pm,SH 1609,2024-06-29 00:00:00,1,Writing - WRIT
SUMMER 2024,WRIT 2,ACADEMIC WRITING,DONELAN J H,MTWR,8:00 am - 9:25 am,BUCHN1934,2024-06-29 00:00:00,1,Writing - WRIT
SUMMER 2024,WRIT 2,ACADEMIC WRITING,DONELAN J H,MTWR,9:30 am - 10:55am,BUCHN1934,2024-06-29 00:00:00,1,Writing - WRIT
SUMMER 2024,WRIT 2,ACADEMIC WRITING,CHAJDAS T W,MTWR,10:00am - 11:25am,GIRV 2120,2024-06-29 00:00:00,1,Writing - WRIT
SUMMER 2024,WRIT 2,ACADEMIC WRITING,CHAJDAS T W,MTWR,12:00pm - 1:25pm,LSB 1101,2024-06-29 00:00:00,1,Writing - WRIT
SUMMER 2024,WRIT 2,ACADEMIC WRITING,T B A,MTWR,1:00pm - 2:25pm,ILP 3211,2024-06-29 00:00:00,1,Writing - WRIT
SUMMER 2024,WRIT 2,ACADEMIC WRITING,ROGERS P M,MTWR,11:00am - 12:25pm,ON LINE,2024-06-29 00:00:00,1,Writing - WRIT
SUMMER 2024,WRIT 2,ACADEMIC WRITING,D'ANCA C,MTWR,11:00am - 12:25pm,ON LINE,2024-06-29 00:00:00,1,Writing - WRIT
SUMMER 2024,WRIT 2,ACADEMIC WRITING,D'ANCA C,MTWR,1:00pm - 2:25pm,ON LINE,2024-06-29 00:00:00,1,Writing - WRIT
SUMMER 2024,WRIT 2,ACADEMIC WRITING,SAUR E H,MTWR,1:00pm - 2:25pm,LSB 1101,2024-06-29 00:00:00,1,Writing - WRIT
SUMMER 2024,WRIT 2,ACADEMIC WRITING,SAUR E H,MTWR,3:00pm - 4:25pm,LSB 1101,2024-06-29 00:00:00,1,Writing - WRIT
SUMMER 2024,WRIT 2,ACADEMIC WRITING,RUTHERFORD K,MTWR,1:00pm - 2:25pm,BUCHN1934,2024-06-29 00:00:00,1,Writing - WRIT
SUMMER 2024,WRIT 2,ACADEMIC WRITING,RUTHERFORD K,MTWR,3:00pm - 4:25pm,BUCHN1934,2024-06-29 00:00:00,1,Writing - WRIT
SUMMER 2024,WRIT 2,ACADEMIC WRITING,T B A,MTWR,8:00 am - 9:25 am,BUCHN1934,2024-06-29 00:00:00,1,Writing - WRIT
SUMMER 2024,WRIT 2,ACADEMIC WRITING,ZISA J E,MTWR,9:30 am - 10:25am,ILP 3107,2024-06-29 00:00:00,1,Writing - WRIT
SUMMER 2024,WRIT 2,ACADEMIC WRITING,T B A,MTWR,12:00pm - 1:25pm,ILP 3209,2024-06-29 00:00:00,1,Writing - WRIT
SUMMER 2024,WRIT 2,ACADEMIC WRITING,SCHRANCK J B,MTWR,2:00pm - 3:25pm,ILP 3107,2024-06-29 00:00:00,1,Writing - WRIT
SUMMER 2024,WRIT 2,ACADEMIC WRITING,T B A,MTWR,2:00pm - 3:25pm,ILP 3105,2024-06-29 00:00:00,1,Writing - WRIT
SUMMER 2024,WRIT 2,ACADEMIC WRITING,VALLICELLA L,MTWR,9:00 am - 10:25am,ILP 4209,2024-06-29 00:00:00,1,Writing - WRIT
SUMMER 2024,WRIT W 6R,ROME: THE GAME,THOMAS C,,,ON ASYNC,2024-06-29 00:00:00,1,Writing - WRIT
SUMMER 2024,WRIT W 6R,ROME: THE GAME,THOMAS C,,,ON ASYNC,2024-06-29 00:00:00,1,Writing - WRIT
SUMMER 2024,WRIT W 6R,ROME: THE GAME,THOMAS C,,,ON ASYNC,2024-06-29 00:00:00,1,Writing - WRIT
SUMMER 2024,WRIT 50,WRIT & RSRCH PRCESS,BREECE M J,M W,2:00pm - 4:05pm,ILP 3103,2024-06-29 00:00:00,1,Writing - WRIT
SUMMER 2024,WRIT 50,WRIT & RSRCH PRCESS,BREECE M J,T R,2:00pm - 4:05pm,ILP 3103,2024-06-29 00:00:00,1,Writing - WRIT
SUMMER 2024,WRIT 105C,WRIT CREAT NONFICT,SCHRANCK J B,T R,2:00pm - 4:05pm,ILP 3103,2024-06-29 00:00:00,1,Writing - WRIT
SUMMER 2024,WRIT 105G,GRAMMAR STYLISTICS,COTICH C,T R,12:00pm - 2:05pm,ILP 3207,2024-06-29 00:00:00,1,Writing - WRIT
SUMMER 2024,WRIT 105PS,WRIT PUB SPEAKING,COTICH C,T R,9:30 am - 11:35am,ILP 3312,2024-06-29 00:00:00,1,Writing - WRIT
SUMMER 2024,WRIT 105R,RHETORIC AND WRIT,BAILLARGEON K,MTW,9:30 am - 10:55am,ON LINE,2024-06-29 00:00:00,1,Writing - WRIT
SUMMER 2024,WRIT 105R,RHETORIC AND WRIT,BAILLARGEON K,MTW,11:00am - 12:25pm,ON LINE,2024-06-29 00:00:00,1,Writing - WRIT
SUMMER 2024,WRIT W 107B,BUS ADMIN WRIT,JOHNSON J K,T R,2:00pm - 4:05pm,ON LINE,2024-06-29 00:00:00,1,Writing - WRIT
SUMMER 2024,WRIT W 107B,BUS ADMIN WRIT,JOHNSON J K,T R,4:20pm - 6:25pm,ON LINE,2024-06-29 00:00:00,1,Writing - WRIT
SUMMER 2024,WRIT W 107B,BUS ADMIN WRIT,KRUT R M,T R,2:00pm - 4:05pm,ON LINE,2024-06-29 00:00:00,1,Writing - WRIT
SUMMER 2024,WRIT W 107B,BUS ADMIN WRIT,KRUT R M,T R,4:20pm - 6:25pm,ON LINE,2024-06-29 00:00:00,1,Writing - WRIT
SUMMER 2024,WRIT W 107B,BUS ADMIN WRIT,JOHNSON J K,T R,2:00pm - 4:05pm,ON LINE,2024-06-29 00:00:00,1,Writing - WRIT
SUMMER 2024,WRIT W 107B,BUS ADMIN WRIT,JOHNSON J K,T R,4:20pm - 6:25pm,ON LINE,2024-06-29 00:00:00,1,Writing - WRIT
SUMMER 2024,WRIT W 107B,BUS ADMIN WRIT,KRUT R M,T R,2:00pm - 4:05pm,ON LINE,2024-06-29 00:00:00,1,Writing - WRIT
SUMMER 2024,WRIT W 107B,BUS ADMIN WRIT,KRUT R M,T R,4:20pm - 6:25pm,ON LINE,2024-06-29 00:00:00,1,Writing - WRIT
SUMMER 2024,WRIT W 107B,BUS ADMIN WRIT,YAMBOLIEV K I,,,ON ASYNC,2024-06-29 00:00:00,1,Writing - WRIT
SUMMER 2024,WRIT 107G,WRIT GLOBAL CAREERS,HUK P M,M W,1:00pm - 3:05pm,ILP 3316,2024-06-29 00:00:00,1,Writing - WRIT
SUMMER 2024,WRIT 107G,WRIT GLOBAL CAREERS,HUK P M,M W,4:00pm - 6:05pm,ILP 3103,2024-06-29 00:00:00,1,Writing - WRIT
SUMMER 2024,WRIT 107L,LEGAL WRITING,GENOVA G L,M W,2:00pm - 4:05pm,ILP 3205,2024-06-29 00:00:00,1,Writing - WRIT
SUMMER 2024,WRIT W 107WC,ONLINE WRIT WEB,ROGERS P M,,,ON ASYNC,2024-06-29 00:00:00,1,Writing - WRIT
SUMMER 2024,WRIT W 107WC,ONLINE WRIT WEB,BROWN KARA,,,ON ASYNC,2024-06-29 00:00:00,1,Writing - WRIT
SUMMER 2024,WRIT W 107WC,ONLINE WRIT WEB,BROWN KARA,,,ON ASYNC,2024-06-29 00:00:00,1,Writing - WRIT
SUMMER 2024,WRIT W 107WC,ONLINE WRIT WEB,ERNST B C,,,ON ASYNC,2024-06-29 00:00:00,1,Writing - WRIT
SUMMER 2024,WRIT W 107WC,ONLINE WRIT WEB,FANCHER P J,,,ON ASYNC,2024-06-29 00:00:00,1,Writing - WRIT
SUMMER 2024,WRIT W 107WC,ONLINE WRIT WEB,WILLIAMS A M,,,ON ASYNC,2024-06-29 00:00:00,1,Writing - WRIT
SUMMER 2024,WRIT W 107WC,ONLINE WRIT WEB,ERNST B C,,,ON ASYNC,2024-06-29 00:00:00,1,Writing - WRIT
SUMMER 2024,WRIT W 107WC,ONLINE WRIT WEB,WILLIAMS A M,,,ON ASYNC,2024-06-29 00:00:00,1,Writing - WRIT
SUMMER 2024,WRIT W 107WC,ONLINE WRIT WEB,FANCHER P J,,,ON ASYNC,2024-06-29 00:00:00,1,Writing - WRIT
SUMMER 2024,WRIT 109F,WRIT ABOUT FILM,HARRIS D R,T R,12:00pm - 2:05pm,ILP 3205,2024-06-29 00:00:00,1,Writing - WRIT
SUMMER 2024,WRIT 109F,WRIT ABOUT FILM,HARRIS D R,T R,3:00pm - 5:05pm,SH 1432,2024-06-29 00:00:00,1,Writing - WRIT
SUMMER 2024,WRIT 109SS,WRIT SOC SCIENCE,DONELAN J H,M W,9:00 am - 11:05am,ILP 3205,2024-06-29 00:00:00,1,Writing - WRIT
SUMMER 2024,WRIT W 109ST,ONLINE WRIT SCI/TEC,GRUE M N,,,ON ASYNC,2024-06-29 00:00:00,1,Writing - WRIT
SUMMER 2024,WRIT W 109ST,ONLINE WRIT SCI/TEC,SMITH K A,M W,11:00am - 1:05pm,ON LINE,2024-06-29 00:00:00,1,Writing - WRIT
SUMMER 2024,WRIT W 109ST,ONLINE WRIT SCI/TEC,SMITH K A,M W,2:00pm - 4:05pm,ON LINE,2024-06-29 00:00:00,1,Writing - WRIT
SUMMER 2024,WRIT W 109ST,ONLINE WRIT SCI/TEC,GRUE M N,,,ON ASYNC,2024-06-29 00:00:00,1,Writing - WRIT
SUMMER 2024,WRIT 199,IND STUDIES WRIT,T B A,,,T B A,2024-06-29 00:00:00,1,Writing - WRIT
SUMMER 2024,W&L CSW 15,INTRO CREAT WRIT NM,"BROWN KARA, BROWN R L",,,ON ASYNC,2024-06-29 00:00:00,1,Writing & Literature (Creative Studies) - W&L
